410537073985474560	RT @ValentinLucas9: üôÄ #edf http://t.co/5lhybYwFTs
410530393688125440	@Laure_86 http://t.co/n79hAFdVsj Destination Rio ! #EDF
410530232769458176	@mamadousakho3 http://t.co/n79hAFdVsj Destination Rio ! Merci Sakho ! #EDF
410529857094041600	@Raymon_Domenech http://t.co/n79hAFdVsj #EDF
410529689338662912	@PierreMenes http://t.co/n79hAFdVsj #EDF
410528952420433921	@BFMTV http://t.co/n79hAFdVsj #EDF #Foot #RMC
410528697847140352	@Alertefoot http://t.co/n79hAFdVsj  #EDF
410528582482792449	RT @FloLemaitre: @lequipe http://t.co/n79hAFdVsj #EDF
410528448395091968	@lequipe http://t.co/n79hAFdVsj #EDF
410526002431791104	Save the Children exposed: suppressed criticism of corporate sponsor, dropped fuel poverty campaign #EDF #Britishgas http://t.co/rKuYGZcrhL
410523217921445888	France - Pays-Bas 5 mars 2014 #EDF #LesBleus http://t.co/nGRhevmm8I
410522292171849728	RT @ValentinLucas9: üôÄ #edf http://t.co/5lhybYwFTs
410519703799726081	RT @thesocialclient: "Love Your Customers", retour en vid√©o: S√©bastien Jumel Directeur Marketing Clients Particuliers #EDF http://t.co/7EJd‚Ä¶
410516887240339457	RT @ValentinLucas9: üôÄ #edf http://t.co/5lhybYwFTs
410513442240749568	#football, #alg√©rie #edf en juin prochain en alg√©rie :... http://t.co/r6OgwSsRK0
410513417792155648	RT @EDF_Paluel: 42180,80 euros : record battu √† #paluel pour le #telethon2013 !! http://t.co/MtFHounXX4 #solidarite #EDF
410512135979270144	Mr Marius Tresor  #CDF #11DeLegendePourLesGamers #Fifa14 #Edf  #Papa http://t.co/F2wtLiGMCR
410511879467851778	ADVOCACY: Market approach to fighting pollution produces results -- and compromises -- that set #EDF apart http://t.co/GwjkuVEGp0
410506928133902336	WORTH GETTING OFF THE BUS FOR? France handed generous WC draw / http://t.co/4z2vLU7yQg by @hotdogfrog #EDF #FFF
410506759355133952	Market approach to fighting pollution produces results -- and compromises -- that set #EDF apart http://t.co/gzym72EadD via @EEPublishing
410506297914961920	#PS4 Barrage aller #EDF 3/3 http://t.co/AgAjna5NFv
410506127336820736	#PS4 Barrage aller #EDF 2/3 http://t.co/JjMotKzvAX
410505917860687872	Puis pour le foot :  Barrage aller #EDF 1/3 http://t.co/cvlnWWDL0n
410505769801367552	You know you're going to buy a top of crap from #amazon this season, why not have .5% go to the environment? #EDF http://t.co/ISg9ezl0K9
410504942990815233	#Br√©sil : la Coupe de Belo Monte est d√©j√† pleine http://t.co/nVVgdcl4Ma | #BeloMonte #Indign√© #CDM2014 #EDF #Lula #Dilma #FIFA
410502788750139392	Quels Bleus partiront √† la conqu√™te du Br√©sil ? http://t.co/CgEf1avprV @FFF #Deschamps #Br√©sil #CM2014 #EdF
410502343461855232	Nucl√©aire : l‚Äôexploitation de Tihange 1 prolong√©e de 10 ans http://t.co/ibuRwuSG5J via @fil_energie #EDF #belgique
410501998631321600	Eolien en mer : les √©oliennes de Gu√©rande seront assembl√©es √† Saint-Nazaire http://t.co/DXPMqfNdEn via @fil_energie #EDF #EN #SaintNazaire
410498378003664896	RT @Totoien: Cadeau de noel re√ßu !! #EDF http://t.co/02GljPNiVo
410491882670919680	RT @Totoien: Cadeau de noel re√ßu !! #EDF http://t.co/02GljPNiVo
410487839374467072	üá´üá∑Ce maillot est trop beau !! Je l'honorerai comme il se doit!! üá´üá∑ #fiert√© #provoqueledestin #ose #nike #EdF http://t.co/yp4dgwSDgn
410485942089428992	RT @thesocialclient: "Love Your Customers", retour en vid√©o: S√©bastien Jumel Directeur Marketing Clients Particuliers #EDF http://t.co/7EJd‚Ä¶
410474337762680833	Save the Children suppressed criticism of #sponsor #BritishGas, #fuelpoverty campaign dropped to avoid offending #EDF http://t.co/j1iu5ecXNA
410469392799895552	WORTH GETTING OFF THE BUS FOR? France handed generous WC draw &gt; http://t.co/4z2vLU7yQg by @hotdogfrog #EDF #FFF
410466015110508544	RT @FrenchFtWeekly: WORTH GETTING OFF THE BUS FOR? France handed generous WC draw http://t.co/kxjR3EDOze by @hotdogfrog #EDF #FFF
410463256890052608	RT @douck12: Montrez cette image du Bresil √† #Rib√©ry et #Benzema si apr√®s √ßa on ne se qualifie pas on ne peut plus rien faire #EDF http://t‚Ä¶
410459294250065921	RT @thesocialclient: "Love Your Customers", retour en vid√©o: S√©bastien Jumel Directeur Marketing Clients Particuliers #EDF http://t.co/7EJd‚Ä¶
410458780493549568	[VIDEO] - J√©r√¥me Rothen : "Pour le calme de tout le monde, Deschamps ne doit pas forc√©ment prendre #Nasri" http://t.co/UVcHCcuCj8 #EDF
410457948142702592	RT @FrenchFtWeekly: WORTH GETTING OFF THE BUS FOR? France handed generous WC draw - http://t.co/4z2vLU7yQg by @hotdogfrog #EDF #FFF
410455474241163264	#Brazuca est entre de bonnes mains ! #Zizou #Zidane #CM2014 #WC2014 #Bresil #Brasil #France #TeamFrance #EDF http://t.co/TEgcNquH1K
410455370302513152	RT @BooB_SRFC: Pour l'√©lection du joueur fran√ßais de l'ann√©e FF, Gourcuff √©carte Rib√©ry de son Top 5 #ol #edf #exsrfc http://t.co/8ofjErBL9b
410453723778138112	DEMOCRATIC JUSTICE IS DEAD:We now live under Corporate Law: Profit B4 Life.  http://t.co/pE1BFu9OcC  #britishtelecom,#bt_uk,#centrica,#edf
410447989446959104	Equipe de France : La marini√®re de retour pour le Mondial 2014 ? (Interview de Martin Lotti designer Nike) http://t.co/pMoQmwH415 #EDF #Nike
410443426966933505	D1 F√©minine ‚Äì journ√©e 11 ‚Äì les buts http://t.co/0Xx3Mvu3oV #edf
410443412089745408	R√©actions apr√®s le tirage au sort des 32√®mes de finale de la Coupe de France http://t.co/enGJUttFCQ #edf
410443352287371264	D1 F√©minine ‚Äì journ√©e 11 ‚Äì les buts http://t.co/xpCycBfpEj #edf
410443338337103872	R√©actions apr√®s le tirage au sort des 32√®mes de finale de la Coupe de France http://t.co/zOXzjwDymf #edf
410434009814953984	D1 F√©minine ‚Äì Journ√©e 11 ‚Äì les buts http://t.co/GWydYrqBxb #edf
410434008653115393	D1 F√©minine ‚Äì Journ√©e 11 ‚Äì les buts http://t.co/RZrL6PwJgE #edf
410432117840281600	RT @FrenchFtWeekly: WORTH GETTING OFF THE BUS FOR? France handed generous WC draw ~ http://t.co/4z2vLU7yQg by @hotdogfrog #EDF #FFF
410431892086083584	RT @FrenchFtWeekly: WORTH GETTING OFF THE BUS FOR? France handed generous WC draw ~ http://t.co/4z2vLU7yQg by @hotdogfrog #EDF #FFF
410431452308709377	WORTH GETTING OFF THE BUS FOR? France handed generous WC draw ~ http://t.co/4z2vLU7yQg by @hotdogfrog #EDF #FFF
410430678762012673	RT @thesocialclient: "Love Your Customers", retour en vid√©o: S√©bastien Jumel Directeur Marketing Clients Particuliers #EDF http://t.co/7EJd‚Ä¶
410428616552747009	RT @thesocialclient: "Love Your Customers", retour en vid√©o: S√©bastien Jumel Directeur Marketing Clients Particuliers #EDF http://t.co/7EJd‚Ä¶
410428154399182848	RT @thesocialclient: "Love Your Customers", retour en vid√©o: S√©bastien Jumel Directeur Marketing Clients Particuliers #EDF http://t.co/7EJd‚Ä¶
410426969906376704	"Love Your Customers", retour en vid√©o: S√©bastien Jumel Directeur Marketing Clients Particuliers #EDF http://t.co/7EJdgf9GgH #relationclient
410426458708795392	Savez-vous faire une #ca√Øpirinha? Retour sur l'#EDF, la qualification et le tirage de la poule pour la #CM2014 ! http://t.co/d6wD6pWXHX
410425118226415616	RT @Alertefoot: Que pensez-vous de ce sc√©nario ? #CM2014 #EDF @ActuFoot_ @Footballogue http://t.co/CvyUm5bLef
410424685000941568	DEMOCRATIC JUSTICE IS DEAD:We now live under Corporate Law: Profit B4 Life.  http://t.co/pE1BFu9OcC  #britishtelecom,#bt_uk,#centrica,#edf
410421967519367168	42180,80 euros : record battu √† #paluel pour le #telethon2013 !! http://t.co/MtFHounXX4 #solidarite #EDF
410421488190119936	#Paluel, h√¥te d'un partage d'exp√©rience national sur la logistique de chantier http://t.co/MtFHounXX4 #EDF
410415728723243008	Pobga #Juve #Edf #GoldenBoy #FuturBallonD¬¥or http://t.co/SHO4OoGYzS
410409148057407488	D√©finition de #Baffie #DictionnaireDeBaffie #blague #EDF #Humour #AllezLesBleus üö≤‚öΩÔ∏è #ribery #benzema‚Ä¶ http://t.co/oFh7qaMmOr
410406017659576320	@HenriProglio : #EDF veut creuser le sillon du partenariat avec les acteurs chinois du #nucl√©aire via @LesEchos http://t.co/3qvH4HKf94
410405682966704128	RT @equipedefrance: Joyeux anniversaire √† l'ancien lat√©ral gauche de l'#EDF @BixeLizarazu (97 s√©lections en A) qui f√™te ses 44 ans ! http:/‚Ä¶
410397201362214915	Les espagnols estiment que le tirage du groupe de la #France est truqu√©! #CM2014 #EDF http://t.co/7LOalURDg5
410395650673901568	DEMOCRATIC JUSTICE IS DEAD:We now live under Corporate Law: Profit B4 Life.  http://t.co/pE1BFu9OcC  #britishtelecom,#bt_uk,#centrica,#edf
410395563658465280	RT @FrenchFtWeekly: WORTH GETTING OFF THE BUS FOR? France handed generous WC draw - http://t.co/4z2vLU7yQg by @hotdogfrog #EDF #FFF
410394818217775105	RT @FrenchFtWeekly: WORTH GETTING OFF THE BUS FOR? France handed generous WC draw - http://t.co/4z2vLU7yQg by @hotdogfrog #EDF #FFF
410393746883104769	WORTH GETTING OFF THE BUS FOR? France handed generous WC draw - http://t.co/4z2vLU7yQg by @hotdogfrog #EDF #FFF
410385473912442880	RT @FrenchFtWeekly: WORTH GETTING OFF THE BUS FOR? France handed generous WC draw http://t.co/kxjR3EDOze by @hotdogfrog #EDF #FFF
410382220952879104	RT @BooB_SRFC: Pour l'√©lection du joueur fran√ßais de l'ann√©e FF, Gourcuff √©carte Rib√©ry de son Top 5 #ol #edf #exsrfc http://t.co/8ofjErBL9b
410379347329941505	Pour l'√©lection du joueur fran√ßais de l'ann√©e FF, Gourcuff √©carte Rib√©ry de son Top 5 #ol #edf #exsrfc http://t.co/8ofjErBL9b
410375365811789824	RT @Alertefoot: Que pensez-vous de ce sc√©nario ? #CM2014 #EDF @ActuFoot_ @Footballogue http://t.co/CvyUm5bLef
410374468414885889	EDF EDF EDF.... http://t.co/RYQUWatBGm #EDF
410372938257670144	RT @Alertefoot: Que pensez-vous de ce sc√©nario ? #CM2014 #EDF @ActuFoot_ @Footballogue http://t.co/CvyUm5bLef
410370398845284352	VIDEO. Apr√®s avoir marqu√© de la main, il demande √† l‚Äôarbitre d‚Äôannuler le but http://t.co/VmoiNWmxSe #CDM2014 #EDF
410369853766516736	RT @FrenchFtWeekly: WORTH GETTING OFF THE BUS FOR? France handed generous WC draw http://t.co/kxjR3EDOze by @hotdogfrog #EDF #FFF
410369499226189824	RT @Alertefoot: Que pensez-vous de ce sc√©nario ? #CM2014 #EDF @ActuFoot_ @Footballogue http://t.co/CvyUm5bLef
410368686805893120	Eolien en mer. #EDF va assembler ses √©oliennes √† Saint-Nazaire plut√¥t qu'√† Brest http://t.co/4AcEvCvzoZ #eolien #usine #energie
410368017546371072	RT @Alertefoot: Que pensez-vous de ce sc√©nario ? #CM2014 #EDF @ActuFoot_ @Footballogue http://t.co/CvyUm5bLef
410367684300509184	RT @Alertefoot: Que pensez-vous de ce sc√©nario ? #CM2014 #EDF @ActuFoot_ @Footballogue http://t.co/CvyUm5bLef
410366678954819584	RT @Alertefoot: Que pensez-vous de ce sc√©nario ? #CM2014 #EDF @ActuFoot_ @Footballogue http://t.co/CvyUm5bLef
410366614870433792	RT @Alertefoot: Que pensez-vous de ce sc√©nario ? #CM2014 #EDF @ActuFoot_ @Footballogue http://t.co/CvyUm5bLef
410366371810537472	RT @Alertefoot: Que pensez-vous de ce sc√©nario ? #CM2014 #EDF @ActuFoot_ @Footballogue http://t.co/CvyUm5bLef
410366371810537472	RT @Alertefoot: Que pensez-vous de ce sc√©nario ? #CM2014 #EDF @ActuFoot_ @Footballogue http://t.co/CvyUm5bLef
410366076296634368	RT @Alertefoot: Que pensez-vous de ce sc√©nario ? #CM2014 #EDF @ActuFoot_ @Footballogue http://t.co/CvyUm5bLef
410365925071020034	RT @Alertefoot: Que pensez-vous de ce sc√©nario ? #CM2014 #EDF @ActuFoot_ @Footballogue http://t.co/CvyUm5bLef
410365767809372160	Que pensez-vous de ce sc√©nario ? #CM2014 #EDF @ActuFoot_ @Footballogue http://t.co/CvyUm5bLef
410364719095377920	RT @WindowsPhoneFR: Alors ce tirage #CDM2014 ? RT pour un Br√©sil en Bleu Blanc Rouge ! #EDF #fansdesbleus http://t.co/xWukN8uTKY
410364391306309632	RT @equipedefrance: Joyeux anniversaire √† l'ancien lat√©ral gauche de l'#EDF @BixeLizarazu (97 s√©lections en A) qui f√™te ses 44 ans ! http:/‚Ä¶
410361741043048448	RT @EDFofficiel: #telethon2013 Les dons d'#EDF et de ses salari√©s contribueront au financement d'essais th√©rapeutiques. + d'infos : http://‚Ä¶
410359380987895808	RT @equipedefrance: Joyeux anniversaire √† l'ancien lat√©ral gauche de l'#EDF @BixeLizarazu (97 s√©lections en A) qui f√™te ses 44 ans ! http:/‚Ä¶
410356915915743232	WORTH GETTING OFF THE BUS FOR? France handed generous WC draw http://t.co/kxjR3EDOze by @hotdogfrog #EDF #FFF
410353329857126400	RT @equipedefrance: Joyeux anniversaire √† l'ancien lat√©ral gauche de l'#EDF @BixeLizarazu (97 s√©lections en A) qui f√™te ses 44 ans ! http:/‚Ä¶
410352567127146496	RT @Monobrowser: Oh god I want this game so bad! Seriously considering importing http://t.co/JWyI1naxuu #EDF
410352076771033088	RT @Monobrowser: Oh god I want this game so bad! Seriously considering importing http://t.co/JWyI1naxuu #EDF
410348059336265728	Oh god I want this game so bad! Seriously considering importing http://t.co/JWyI1naxuu #EDF
410345611712413696	„ÄêÂú∞ÁêÉÈò≤Ë°õËªç4„ÄëÈ´ò„É¨„Éô„É´Ê≠¶Âô®Á®º„Åé „Ç™„É≥„É©„Ç§„É≥ „Éü„ÉÉ„Ç∑„Éß„É≥48.Èùí„ÅçË°õÂ£´Á∑®: http://t.co/3omAH1duIU #Âú∞ÁêÉÈò≤Ë°õËªç4 #EDF #Âú∞ÁêÉÈò≤Ë°õËªç #EDF4 #Ê≠¶Âô®Á®º„Åé
410342365262774272	#Sondage : Nucl√©aire, une fili√®re d'avenir ? - Beh non... - http://t.co/9lDwGhdDFG #environnement #EDF #√©cologie
410335241711407104	RT @rbigliani: #EDF chooses Bull + Osiatis to deploy and run world's biggest private cloud-based infrastructure with Microsoft tech http://‚Ä¶
410333480657358848	#EDF chooses Bull + Osiatis to deploy and run world's biggest private cloud-based infrastructure with Microsoft tech http://t.co/2TsSXFsLYu
410329757818306560	RT @ADMDFRANCE: Participation de l'@admd90 √† une r√©union organis√©e par le r√©seau solidaire #EDF #GDF #ADMD http://t.co/qAGktdQuTe http://t.‚Ä¶
410328889194319872	10.12 Portrait des cadres dirigeants EDF Aramon. Photographe @corinebrisbois http://t.co/uRv1N81seR #aramon #edf http://t.co/a0bG6A9d9X
410327411545239552	The price of charity: #SavetheChildren exposed after seeking approval of energy firms #EDF #BritishGas #daicazzo http://t.co/orOfL04JZM
410326928906661888	RT @GreenpeaceMTP: #BFM demande votre avis #nucl√©aire fili√®re d'avenir? A vos clics ! Non √† 78% et vous ? http://t.co/IJMgUXJrFL #areva #edf
410324666562379776	RT @ADMDFRANCE: Participation de l'@admd90 √† une r√©union organis√©e par le r√©seau solidaire #EDF #GDF #ADMD http://t.co/qAGktdQuTe http://t.‚Ä¶
410319024426610688	RT @omedias44: @Batabap bonjour, je l'avais donn√© hier soir‚Ä¶ Corner Teddy Bouriaud pour but @Enock782 100% #fcnantes :) #U17 #EDF http://t.‚Ä¶
410318900069695488	RT @djmimifr: Tirage au sort du Mondial 2014 : La th√©orie du complot fran√ßais gagne l‚ÄôEurope http://t.co/pTxbF4GXkn #CDM2014 #EDF
410315236009209856	Âú∞ÁêÉÈò≤Ë°õËªç4„Éó„É¨„Ç§Êó•Ë®ò: Âú∞ÁêÉÈò≤Ë°õËªç4„ÅÆÂá¶ÁêÜËêΩ„Å°„ÇíËß£Ê∂à„ÄÅËªΩÊ∏õ„Åô„ÇãÊñπÊ≥ï http://t.co/Lfl9PJsa2V #Âú∞ÁêÉÈò≤Ë°õËªç4 #EDF4 #Âú∞ÁêÉÈò≤Ë°õËªç #EDF
410311127890153472	RT @djmimifr: Tirage au sort du Mondial 2014 : La th√©orie du complot fran√ßais gagne l‚ÄôEurope http://t.co/pTxbF4GXkn #CDM2014 #EDF
410307772300144640	Tirage au sort du Mondial 2014 : La th√©orie du complot fran√ßais gagne l‚ÄôEurope http://t.co/pTxbF4GXkn #CDM2014 #EDF
410303620786429952	RT @ASN: #EDF #Bugey l'#ASN ouvre une consultation du public sur les modalit√©s de rejets et de pr√©l√®vements d'eau (9-23/12) -&gt; http://t.co/‚Ä¶
410190778573410304	RT @equipedefrance: Joyeux anniversaire √† l'ancien lat√©ral gauche de l'#EDF @BixeLizarazu (97 s√©lections en A) qui f√™te ses 44 ans ! http:/‚Ä¶
410190268835454976	Courbis, un retour en H√©rault ‚Äì 09/12 http://t.co/vyDngTqePz #edf
410190264506925056	Becker : ¬´¬†Rib√©ry est quelqu‚Äôun de bien¬†¬ª 09/12 http://t.co/VwSP5dBdWH #edf
410190252460875776	Courbis, un retour en H√©rault ‚Äì 09/12 http://t.co/tB5CV6zrYD #edf
410190244827258880	Becker : ¬´¬†Rib√©ry est quelqu‚Äôun de bien¬†¬ª 09/12 http://t.co/X3fDZ2GhLA #edf
410177318645415936	DEMOCRATIC JUSTICE IS DEAD:We now live under Corporate Law: Profit B4 Life.  http://t.co/pE1BFu9OcC  #britishtelecom,#bt_uk,#centrica,#edf
410176817689923584	#Fukushima estomp√© dans les m√©moires, #EDF continue √† ergoter http://t.co/QChFkMztrr via @RachelFleaux in @sciences_avenir #nucl√©aire
410173132365123585	RT @SportClown: Premi√®re √©tape dans le passage de t√©moin entre @Thierry_Omeyer et @Gerard_Vincent ? #handball @USDKDunkerque #edf http://t.‚Ä¶
410172991834955776	L'#EdF va gagner la coupe du monde gr√¢ce √†  Platini si √ßa continue, lol ! http://t.co/icLI4gxBi6
410172115028279296	RT @equipedefrance: D√©couvrez le stade de Porto Alegre ou l'#EDF jouera son 1er match de la #CM2014 contre le Honduras le 15 juin ! http://‚Ä¶
410166811356041216	RT @Menez___: La France va au Br√©sil ! #Sahko #Parisien #EDF #DirectionLeBr√©sil ! ‚öΩ http://t.co/eYME635yOx
410165535155187712	RT @Mariongreeneyes: Voici le programme des fran√ßaises pour ce tour pr√©liminaire du mondial 2013 cc @FemmesDeSport #edf http://t.co/JxEkE7d‚Ä¶
410164387090276352	RT @ValentinLucas9: üôÄ #edf http://t.co/5lhybYwFTs
410160407618523137	RT @equipedefrance: Joyeux anniversaire √† l'ancien lat√©ral gauche de l'#EDF @BixeLizarazu (97 s√©lections en A) qui f√™te ses 44 ans ! http:/‚Ä¶
410160278404612098	RT @equipedefrance: Joyeux anniversaire √† l'ancien lat√©ral gauche de l'#EDF @BixeLizarazu (97 s√©lections en A) qui f√™te ses 44 ans ! http:/‚Ä¶
410159369314377728	RT @equipedefrance: D√©couvrez le stade de Porto Alegre ou l'#EDF jouera son 1er match de la #CM2014 contre le Honduras le 15 juin ! http://‚Ä¶
410155795264065536	RT @equipedefrance: Joyeux anniversaire √† l'ancien lat√©ral gauche de l'#EDF @BixeLizarazu (97 s√©lections en A) qui f√™te ses 44 ans ! http:/‚Ä¶
410154663619854336	RT @Mariongreeneyes: Voici le programme des fran√ßaises pour ce tour pr√©liminaire du mondial 2013 cc @FemmesDeSport #edf http://t.co/JxEkE7d‚Ä¶
410154387835977728	RT @Mariongreeneyes: Voici le programme des fran√ßaises pour ce tour pr√©liminaire du mondial 2013 cc @FemmesDeSport #edf http://t.co/JxEkE7d‚Ä¶
410154350594764800	RT @Mariongreeneyes: Voici le programme des fran√ßaises pour ce tour pr√©liminaire du mondial 2013 cc @FemmesDeSport #edf http://t.co/JxEkE7d‚Ä¶
410154350594764800	RT @Mariongreeneyes: Voici le programme des fran√ßaises pour ce tour pr√©liminaire du mondial 2013 cc @FemmesDeSport #edf http://t.co/JxEkE7d‚Ä¶
410154014710722560	"Raouraoua : ¬´Alg√©rie-France, je suis en discussion avec Le Gra√´t¬ª" #edf http://t.co/ejNfpANJH2
410153671218188288	RT @tony_st_laurent: l'equipe du portugal en tant que probable adversaire des bleus prepare les barrages  #EDF #Barrage #Mondial14 http://t‚Ä¶
410151307769430016	Ongenda fait partie de la campagne de pub de Nike du nouveau maillot des Bleus, sympa #PSG #EDF http://t.co/opFJKRKDbS
410146272235249664	DEMOCRATIC JUSTICE IS DEAD:We now live under Corporate Law: Profit B4 Life.  http://t.co/pE1BFu9OcC  #britishtelecom,#bt_uk,#centrica,#edf
410146266178650112	RT @equipedefrance: Joyeux anniversaire √† l'ancien lat√©ral gauche de l'#EDF @BixeLizarazu (97 s√©lections en A) qui f√™te ses 44 ans ! http:/‚Ä¶
410143381340557312	Non c'est bien Betancourt qu'il s'appelle notre Armando du Racing 82 @jeanmichelhell #edf #honduras :-) http://t.co/suEQc41iXF
410143090792734721	#EDF: Ra√Ø : ¬´La France n'attend pas grand-chose de ses Bleus¬ª http://t.co/8UIiAczdwY  =il a tout juste Rai #PSG #CaptainRai
410139391492096000	RT @equipedefrance: Joyeux anniversaire √† l'ancien lat√©ral gauche de l'#EDF @BixeLizarazu (97 s√©lections en A) qui f√™te ses 44 ans ! http:/‚Ä¶
410137656996401152	Nouveau maillot de l'#EDF !! Merci Tonton !! http://t.co/0M4Buszvsd
410136346171564032	RT @WYN_OM: #EdF - Valbuena : ¬´Il ne faudra n√©gliger aucun adversaire¬ª http://t.co/FXh5OIu7iF
410132725308616705	RT @equipedefrance: Joyeux anniversaire √† l'ancien lat√©ral gauche de l'#EDF @BixeLizarazu (97 s√©lections en A) qui f√™te ses 44 ans ! http:/‚Ä¶
410130707982589952	RT @equipedefrance: Joyeux anniversaire √† l'ancien lat√©ral gauche de l'#EDF @BixeLizarazu (97 s√©lections en A) qui f√™te ses 44 ans ! http:/‚Ä¶
410130487395758080	RT @equipedefrance: Joyeux anniversaire √† l'ancien lat√©ral gauche de l'#EDF @BixeLizarazu (97 s√©lections en A) qui f√™te ses 44 ans ! http:/‚Ä¶
410129983789862912	RT @equipedefrance: Joyeux anniversaire √† l'ancien lat√©ral gauche de l'#EDF @BixeLizarazu (97 s√©lections en A) qui f√™te ses 44 ans ! http:/‚Ä¶
410129326890561536	RT @equipedefrance: Joyeux anniversaire √† l'ancien lat√©ral gauche de l'#EDF @BixeLizarazu (97 s√©lections en A) qui f√™te ses 44 ans ! http:/‚Ä¶
410128556229165058	RT @equipedefrance: Joyeux anniversaire √† l'ancien lat√©ral gauche de l'#EDF @BixeLizarazu (97 s√©lections en A) qui f√™te ses 44 ans ! http:/‚Ä¶
410127963355901952	RT @equipedefrance: Joyeux anniversaire √† l'ancien lat√©ral gauche de l'#EDF @BixeLizarazu (97 s√©lections en A) qui f√™te ses 44 ans ! http:/‚Ä¶
410125017805250560	Ready for the world cup !! #EdF #WorldCup2014 #football http://t.co/zcmq6HpLWM
410122170153435137	Slovak company SSE transaction finalised from French #EDF to czech holding #EPH http://t.co/AOHLT0SWsQ EWC EDF defended respect 4 agreements
410120084657815552	RT @equipedefrance: Les 3 adversaires des #Bleus pour le 1er tour de la #CM2014 pass√©s √† la loupe : http://t.co/1PN2uo3n5K #EDF http://t.co‚Ä¶
410118041532628992	RT @equipedefrance: #CM2014 La d√©l√©gation de l'#edf en rep√©rage au stade de Salvador o√π les Bleus affronteront la Suisse le 20 juin. http:/‚Ä¶
410117702200885249	#EDF : les stats du week-end de nos Bleues, c'est par ici ! http://t.co/MWiyj0zuvc
410117335060873218	RT @ExcelinEd: ‚ÄúWe just have to stop this nonsense and teach them to read" says @OHEducation Supt Richard Ross http://t.co/HNSN1zIkcS  #EdF‚Ä¶
410117057335005184	via @kikukoloko Football¬†-¬†Ballon d'Or¬†-¬†Rib√©ry met fin √† la disette bleue http://t.co/JmKsjfEcHI #EDF #France
410116840724373505	Voici le programme des fran√ßaises pour ce tour pr√©liminaire du mondial 2013 cc @FemmesDeSport #edf http://t.co/JxEkE7dyPj
410116520438951936	RT @equipedefrance: Joyeux anniversaire √† l'ancien lat√©ral gauche de l'#EDF @BixeLizarazu (97 s√©lections en A) qui f√™te ses 44 ans ! http:/‚Ä¶
410115620689047552	Centrale de Cruas-Meysse : remplacement des g√©n√©rateurs de vapeur http://t.co/3zRg3u3Jbq via @fil_energie #EDF #ardeche
410115217230942208	DEMOCRATIC JUSTICE IS DEAD:We now live under Corporate Law: Profit B4 Life.  http://t.co/pE1BFu9OcC  #britishtelecom,#bt_uk,#centrica,#edf
410115200562393088	¬´ La France est pr√™te ¬ª pour construire 2 EPR de plus √† Taishan http://t.co/moPPMBALHB via @fil_energie #EDF #chine
410114535819726848	#EDF et le Secours Catholique renouvellent leur partenariat http://t.co/vQsLuwaHkE via @fil_energie #solidarite #social
410114498931195904	RT @equipedefrance: Joyeux anniversaire √† l'ancien lat√©ral gauche de l'#EDF @BixeLizarazu (97 s√©lections en A) qui f√™te ses 44 ans ! http:/‚Ä¶
410113967865200640	RT @ValentinLucas9: üôÄ #edf http://t.co/5lhybYwFTs
410113905739186176	RT @equipedefrance: Joyeux anniversaire √† l'ancien lat√©ral gauche de l'#EDF @BixeLizarazu (97 s√©lections en A) qui f√™te ses 44 ans ! http:/‚Ä¶
410112888524005377	RT @equipedefrance: Joyeux anniversaire √† l'ancien lat√©ral gauche de l'#EDF @BixeLizarazu (97 s√©lections en A) qui f√™te ses 44 ans ! http:/‚Ä¶
410111991316246528	RT @equipedefrance: Joyeux anniversaire √† l'ancien lat√©ral gauche de l'#EDF @BixeLizarazu (97 s√©lections en A) qui f√™te ses 44 ans ! http:/‚Ä¶
410111631998599168	RT @equipedefrance: Joyeux anniversaire √† l'ancien lat√©ral gauche de l'#EDF @BixeLizarazu (97 s√©lections en A) qui f√™te ses 44 ans ! http:/‚Ä¶
410111148638633985	RT @equipedefrance: Joyeux anniversaire √† l'ancien lat√©ral gauche de l'#EDF @BixeLizarazu (97 s√©lections en A) qui f√™te ses 44 ans ! http:/‚Ä¶
410110857075384320	Earth Defense Force 2025 "Fencer" Trailer http://t.co/3CvuijPUPz #EarthDefenseForce2025 #EDF
410110410428542977	RT @equipedefrance: Joyeux anniversaire √† l'ancien lat√©ral gauche de l'#EDF @BixeLizarazu (97 s√©lections en A) qui f√™te ses 44 ans ! http:/‚Ä¶
410109425924718592	RT @equipedefrance: Joyeux anniversaire √† l'ancien lat√©ral gauche de l'#EDF @BixeLizarazu (97 s√©lections en A) qui f√™te ses 44 ans ! http:/‚Ä¶
410109381305708544	RT @equipedefrance: Joyeux anniversaire √† l'ancien lat√©ral gauche de l'#EDF @BixeLizarazu (97 s√©lections en A) qui f√™te ses 44 ans ! http:/‚Ä¶
410109256843927552	RT @equipedefrance: Joyeux anniversaire √† l'ancien lat√©ral gauche de l'#EDF @BixeLizarazu (97 s√©lections en A) qui f√™te ses 44 ans ! http:/‚Ä¶
410108839451983872	RT @equipedefrance: Joyeux anniversaire √† l'ancien lat√©ral gauche de l'#EDF @BixeLizarazu (97 s√©lections en A) qui f√™te ses 44 ans ! http:/‚Ä¶
410107101944762368	RT @equipedefrance: Joyeux anniversaire √† l'ancien lat√©ral gauche de l'#EDF @BixeLizarazu (97 s√©lections en A) qui f√™te ses 44 ans ! http:/‚Ä¶
410107008503648256	[VIDEO] - "Bleus : est-ce vraiment un si bon tirage ?" On en parle ce lundi dans Yahoo Foot http://t.co/C6FW4KM0TL #EDF
410107008503648256	[VIDEO] - "Bleus : est-ce vraiment un si bon tirage ?" On en parle ce lundi dans Yahoo Foot http://t.co/C6FW4KM0TL #EDF
410106900479741952	RT @edf_maginot: "Of course, we have some hurdles to overcome." -- Vincent de Rivaz #EDF CEO  @MarrShow @BBCNews | http://t.co/Btw6LdODAX #‚Ä¶
410106769651007489	RT @equipedefrance: Joyeux anniversaire √† l'ancien lat√©ral gauche de l'#EDF @BixeLizarazu (97 s√©lections en A) qui f√™te ses 44 ans ! http:/‚Ä¶
410106437780914176	RT @ValentinLucas9: üôÄ #edf http://t.co/5lhybYwFTs
410106371905171456	RT @equipedefrance: Joyeux anniversaire √† l'ancien lat√©ral gauche de l'#EDF @BixeLizarazu (97 s√©lections en A) qui f√™te ses 44 ans ! http:/‚Ä¶
410105854026055680	RT @equipedefrance: Joyeux anniversaire √† l'ancien lat√©ral gauche de l'#EDF @BixeLizarazu (97 s√©lections en A) qui f√™te ses 44 ans ! http:/‚Ä¶
410105802901311489	RT @vnthonoir: Arr√™tez de mettre des #stagiaires aux commandes de vos #r√©seaux sociaux ! MERCI / #CM #beauf #edf #swag @EDFofficiel http://‚Ä¶
410105263484850177	RT @equipedefrance: Joyeux anniversaire √† l'ancien lat√©ral gauche de l'#EDF @BixeLizarazu (97 s√©lections en A) qui f√™te ses 44 ans ! http:/‚Ä¶
410105170681659392	RT @GiacomoPerez: Petite pens√©e pour mon malletons!! @gregory_mallet #equipements #EDF #mallet http://t.co/s2SYXEKV0H
410105123189575680	RT @equipedefrance: Joyeux anniversaire √† l'ancien lat√©ral gauche de l'#EDF @BixeLizarazu (97 s√©lections en A) qui f√™te ses 44 ans ! http:/‚Ä¶
410105025474490368	Arr√™tez de mettre des #stagiaires aux commandes de vos #r√©seaux sociaux ! MERCI / #CM #beauf #edf #swag @EDFofficiel http://t.co/PlKkfaZ0TS
410103836498735105	RT @equipedefrance: Joyeux anniversaire √† l'ancien lat√©ral gauche de l'#EDF @BixeLizarazu (97 s√©lections en A) qui f√™te ses 44 ans ! http:/‚Ä¶
410103560006029312	RT @equipedefrance: Joyeux anniversaire √† l'ancien lat√©ral gauche de l'#EDF @BixeLizarazu (97 s√©lections en A) qui f√™te ses 44 ans ! http:/‚Ä¶
410103468406611968	RT @edf_maginot: "Of course, we have some hurdles to overcome." -- Vincent de Rivaz #EDF CEO  @MarrShow @BBCNews | http://t.co/Btw6LdODAX #‚Ä¶
410103382448553984	RT @equipedefrance: Joyeux anniversaire √† l'ancien lat√©ral gauche de l'#EDF @BixeLizarazu (97 s√©lections en A) qui f√™te ses 44 ans ! http:/‚Ä¶
410102361508806656	RT @equipedefrance: Joyeux anniversaire √† l'ancien lat√©ral gauche de l'#EDF @BixeLizarazu (97 s√©lections en A) qui f√™te ses 44 ans ! http:/‚Ä¶
410102256001110017	RT @equipedefrance: Joyeux anniversaire √† l'ancien lat√©ral gauche de l'#EDF @BixeLizarazu (97 s√©lections en A) qui f√™te ses 44 ans ! http:/‚Ä¶
410101994939219968	RT @equipedefrance: Joyeux anniversaire √† l'ancien lat√©ral gauche de l'#EDF @BixeLizarazu (97 s√©lections en A) qui f√™te ses 44 ans ! http:/‚Ä¶
410101917130711040	RT @equipedefrance: Joyeux anniversaire √† l'ancien lat√©ral gauche de l'#EDF @BixeLizarazu (97 s√©lections en A) qui f√™te ses 44 ans ! http:/‚Ä¶
410101749153017856	RT @equipedefrance: Joyeux anniversaire √† l'ancien lat√©ral gauche de l'#EDF @BixeLizarazu (97 s√©lections en A) qui f√™te ses 44 ans ! http:/‚Ä¶
410101715455602689	Pandora's Promise doesn't live up to the hype ‚Äì film review  @guardian @alicebell | http://t.co/t2JvRKasuR #nuclear #Hinkley #EDF #StateAid
410101266829041664	RT @equipedefrance: Joyeux anniversaire √† l'ancien lat√©ral gauche de l'#EDF @BixeLizarazu (97 s√©lections en A) qui f√™te ses 44 ans ! http:/‚Ä¶
410100802812776448	"Of course, we have some hurdles to overcome." -- Vincent de Rivaz #EDF CEO  @MarrShow @BBCNews | http://t.co/Btw6LdODAX #Hinkley #StateAid
410100802372382720	Bon anniversaire to France legend @BixeLizarazu Here he is scoring a cracker in the 98 World Cup (39:00 in) http://t.co/3KxJnktIbE #EDF
410100565386223616	RT @ValentinLucas9: üôÄ #edf http://t.co/5lhybYwFTs
410100351166337024	RT @equipedefrance: Joyeux anniversaire √† l'ancien lat√©ral gauche de l'#EDF @BixeLizarazu (97 s√©lections en A) qui f√™te ses 44 ans ! http:/‚Ä¶
410100339640373249	RT @equipedefrance: Joyeux anniversaire √† l'ancien lat√©ral gauche de l'#EDF @BixeLizarazu (97 s√©lections en A) qui f√™te ses 44 ans ! http:/‚Ä¶
410099993190883328	RT @equipedefrance: Joyeux anniversaire √† l'ancien lat√©ral gauche de l'#EDF @BixeLizarazu (97 s√©lections en A) qui f√™te ses 44 ans ! http:/‚Ä¶
410099576964907008	RT @equipedefrance: Joyeux anniversaire √† l'ancien lat√©ral gauche de l'#EDF @BixeLizarazu (97 s√©lections en A) qui f√™te ses 44 ans ! http:/‚Ä¶
410099390414848000	RT @equipedefrance: Joyeux anniversaire √† l'ancien lat√©ral gauche de l'#EDF @BixeLizarazu (97 s√©lections en A) qui f√™te ses 44 ans ! http:/‚Ä¶
410099343371542529	RT @equipedefrance: Joyeux anniversaire √† l'ancien lat√©ral gauche de l'#EDF @BixeLizarazu (97 s√©lections en A) qui f√™te ses 44 ans ! http:/‚Ä¶
410099339609272320	RT @equipedefrance: Joyeux anniversaire √† l'ancien lat√©ral gauche de l'#EDF @BixeLizarazu (97 s√©lections en A) qui f√™te ses 44 ans ! http:/‚Ä¶
410099252145426433	A partir d'aujourd'hui et jusqu'au 13/12, #EDF organise une grande collecte pour les @restosducoeur http://t.co/4FK3KF9gKu #Solidarit√©
410099239382167552	RT @equipedefrance: Joyeux anniversaire √† l'ancien lat√©ral gauche de l'#EDF @BixeLizarazu (97 s√©lections en A) qui f√™te ses 44 ans ! http:/‚Ä¶
410099200781991937	RT @equipedefrance: Joyeux anniversaire √† l'ancien lat√©ral gauche de l'#EDF @BixeLizarazu (97 s√©lections en A) qui f√™te ses 44 ans ! http:/‚Ä¶
410099164660649986	RT @equipedefrance: Joyeux anniversaire √† l'ancien lat√©ral gauche de l'#EDF @BixeLizarazu (97 s√©lections en A) qui f√™te ses 44 ans ! http:/‚Ä¶
410098991867514880	RT @equipedefrance: Joyeux anniversaire √† l'ancien lat√©ral gauche de l'#EDF @BixeLizarazu (97 s√©lections en A) qui f√™te ses 44 ans ! http:/‚Ä¶
410098860032536576	RT @equipedefrance: Joyeux anniversaire √† l'ancien lat√©ral gauche de l'#EDF @BixeLizarazu (97 s√©lections en A) qui f√™te ses 44 ans ! http:/‚Ä¶
410098833893621760	RT @equipedefrance: Joyeux anniversaire √† l'ancien lat√©ral gauche de l'#EDF @BixeLizarazu (97 s√©lections en A) qui f√™te ses 44 ans ! http:/‚Ä¶
410098786636402691	RT @equipedefrance: Joyeux anniversaire √† l'ancien lat√©ral gauche de l'#EDF @BixeLizarazu (97 s√©lections en A) qui f√™te ses 44 ans ! http:/‚Ä¶
410098637231104000	RT @equipedefrance: Joyeux anniversaire √† l'ancien lat√©ral gauche de l'#EDF @BixeLizarazu (97 s√©lections en A) qui f√™te ses 44 ans ! http:/‚Ä¶
410098532176384000	RT @equipedefrance: Joyeux anniversaire √† l'ancien lat√©ral gauche de l'#EDF @BixeLizarazu (97 s√©lections en A) qui f√™te ses 44 ans ! http:/‚Ä¶
410098157591482368	RT @equipedefrance: Joyeux anniversaire √† l'ancien lat√©ral gauche de l'#EDF @BixeLizarazu (97 s√©lections en A) qui f√™te ses 44 ans ! http:/‚Ä¶
410098148477239297	RT @equipedefrance: Joyeux anniversaire √† l'ancien lat√©ral gauche de l'#EDF @BixeLizarazu (97 s√©lections en A) qui f√™te ses 44 ans ! http:/‚Ä¶
410098129351241728	RT @equipedefrance: Joyeux anniversaire √† l'ancien lat√©ral gauche de l'#EDF @BixeLizarazu (97 s√©lections en A) qui f√™te ses 44 ans ! http:/‚Ä¶
410098116751532033	RT @equipedefrance: Joyeux anniversaire √† l'ancien lat√©ral gauche de l'#EDF @BixeLizarazu (97 s√©lections en A) qui f√™te ses 44 ans ! http:/‚Ä¶
410098031380664320	RT @equipedefrance: Joyeux anniversaire √† l'ancien lat√©ral gauche de l'#EDF @BixeLizarazu (97 s√©lections en A) qui f√™te ses 44 ans ! http:/‚Ä¶
410097904859111424	RT @equipedefrance: Joyeux anniversaire √† l'ancien lat√©ral gauche de l'#EDF @BixeLizarazu (97 s√©lections en A) qui f√™te ses 44 ans ! http:/‚Ä¶
410097903542476800	RT @equipedefrance: Joyeux anniversaire √† l'ancien lat√©ral gauche de l'#EDF @BixeLizarazu (97 s√©lections en A) qui f√™te ses 44 ans ! http:/‚Ä¶
410097859116425217	Well I obtained these from the first day of work experience #EDF http://t.co/BrTKCk8vnG
410097837167620096	RT @equipedefrance: Joyeux anniversaire √† l'ancien lat√©ral gauche de l'#EDF @BixeLizarazu (97 s√©lections en A) qui f√™te ses 44 ans ! http:/‚Ä¶
410097825134182400	RT @equipedefrance: Joyeux anniversaire √† l'ancien lat√©ral gauche de l'#EDF @BixeLizarazu (97 s√©lections en A) qui f√™te ses 44 ans ! http:/‚Ä¶
410097744377024512	RT @equipedefrance: Joyeux anniversaire √† l'ancien lat√©ral gauche de l'#EDF @BixeLizarazu (97 s√©lections en A) qui f√™te ses 44 ans ! http:/‚Ä¶
410097604446654464	RT @equipedefrance: Joyeux anniversaire √† l'ancien lat√©ral gauche de l'#EDF @BixeLizarazu (97 s√©lections en A) qui f√™te ses 44 ans ! http:/‚Ä¶
410097477602140160	#Football : #Rib√©ry est assur√© de finir sur le podium du ballon d'or. http://t.co/sBEvLzu7x0 #EdF
410096748720570368	RT @equipedefrance: Joyeux anniversaire √† l'ancien lat√©ral gauche de l'#EDF @BixeLizarazu (97 s√©lections en A) qui f√™te ses 44 ans ! http:/‚Ä¶
410095982945533952	RT @equipedefrance: Joyeux anniversaire √† l'ancien lat√©ral gauche de l'#EDF @BixeLizarazu (97 s√©lections en A) qui f√™te ses 44 ans ! http:/‚Ä¶
410095980026294273	RT @equipedefrance: Joyeux anniversaire √† l'ancien lat√©ral gauche de l'#EDF @BixeLizarazu (97 s√©lections en A) qui f√™te ses 44 ans ! http:/‚Ä¶
410095696671686656	RT @equipedefrance: Joyeux anniversaire √† l'ancien lat√©ral gauche de l'#EDF @BixeLizarazu (97 s√©lections en A) qui f√™te ses 44 ans ! http:/‚Ä¶
410095621237137408	RT @equipedefrance: Joyeux anniversaire √† l'ancien lat√©ral gauche de l'#EDF @BixeLizarazu (97 s√©lections en A) qui f√™te ses 44 ans ! http:/‚Ä¶
410095538420613120	RT @equipedefrance: Joyeux anniversaire √† l'ancien lat√©ral gauche de l'#EDF @BixeLizarazu (97 s√©lections en A) qui f√™te ses 44 ans ! http:/‚Ä¶
410095281905336321	RT @equipedefrance: Joyeux anniversaire √† l'ancien lat√©ral gauche de l'#EDF @BixeLizarazu (97 s√©lections en A) qui f√™te ses 44 ans ! http:/‚Ä¶
410095124706623488	Coupe du Monde 2014 au #Br√©sil: d√©couvrez les villes o√π jouera la France ! http://t.co/tMYWjGRoFh #CDM2014 #EDF http://t.co/bMOQ3BMhAj
410094932821835776	RT @equipedefrance: Joyeux anniversaire √† l'ancien lat√©ral gauche de l'#EDF @BixeLizarazu (97 s√©lections en A) qui f√™te ses 44 ans ! http:/‚Ä¶
410094893798006784	RT @equipedefrance: Joyeux anniversaire √† l'ancien lat√©ral gauche de l'#EDF @BixeLizarazu (97 s√©lections en A) qui f√™te ses 44 ans ! http:/‚Ä¶
410094741850959872	RT @equipedefrance: Joyeux anniversaire √† l'ancien lat√©ral gauche de l'#EDF @BixeLizarazu (97 s√©lections en A) qui f√™te ses 44 ans ! http:/‚Ä¶
410094673823547392	RT @equipedefrance: Joyeux anniversaire √† l'ancien lat√©ral gauche de l'#EDF @BixeLizarazu (97 s√©lections en A) qui f√™te ses 44 ans ! http:/‚Ä¶
410094523310960640	RT @equipedefrance: Joyeux anniversaire √† l'ancien lat√©ral gauche de l'#EDF @BixeLizarazu (97 s√©lections en A) qui f√™te ses 44 ans ! http:/‚Ä¶
410094333636141056	RT @equipedefrance: Joyeux anniversaire √† l'ancien lat√©ral gauche de l'#EDF @BixeLizarazu (97 s√©lections en A) qui f√™te ses 44 ans ! http:/‚Ä¶
410094329848684544	RT @equipedefrance: Joyeux anniversaire √† l'ancien lat√©ral gauche de l'#EDF @BixeLizarazu (97 s√©lections en A) qui f√™te ses 44 ans ! http:/‚Ä¶
410094292674572288	RT @equipedefrance: Joyeux anniversaire √† l'ancien lat√©ral gauche de l'#EDF @BixeLizarazu (97 s√©lections en A) qui f√™te ses 44 ans ! http:/‚Ä¶
410094170175725568	RT @equipedefrance: Joyeux anniversaire √† l'ancien lat√©ral gauche de l'#EDF @BixeLizarazu (97 s√©lections en A) qui f√™te ses 44 ans ! http:/‚Ä¶
410094153083920384	RT @equipedefrance: Joyeux anniversaire √† l'ancien lat√©ral gauche de l'#EDF @BixeLizarazu (97 s√©lections en A) qui f√™te ses 44 ans ! http:/‚Ä¶
410094148918992896	RT @equipedefrance: Joyeux anniversaire √† l'ancien lat√©ral gauche de l'#EDF @BixeLizarazu (97 s√©lections en A) qui f√™te ses 44 ans ! http:/‚Ä¶
410094144905052160	RT @equipedefrance: Joyeux anniversaire √† l'ancien lat√©ral gauche de l'#EDF @BixeLizarazu (97 s√©lections en A) qui f√™te ses 44 ans ! http:/‚Ä¶
410094046887964672	Joyeux anniversaire √† l'ancien lat√©ral gauche de l'#EDF @BixeLizarazu (97 s√©lections en A) qui f√™te ses 44 ans ! http://t.co/343XMtrWOW
410092376666148864	RT @clemgrenier: Nous sommes bien arriv√©s a Kiev! #EDF #UKRFRA J-1 http://t.co/zTvk5sfBF4
410090194474237952	Plong√©e dans la centrale la plus dangereuse de France  http://t.co/o24lMkHL4A #nucl√©aire #EDF
410088112274960384	Even @GeorgeMonbiot is opposed to Government‚Äôs plans to build two new #nuclear #reactors at #Hinkley http://t.co/ACTQEqvT3Y #Monbiot #EDF
410087504977469441	Mon pronostic pour la Coupe du monde 2014  http://t.co/Y2B779GPi9 via @lequipe #Prono #CDM2014 #AllezLesBleus #EDF
410084094819987456	‚Äú@ValentinLucas9: üôÄ #edf http://t.co/xnS8uRj6YZ‚Äùhahaha mdr
410079851547480064	#edf ahah et oui ! We will win http://t.co/pv7zGqR06U
410077047726571520	RT @equipedefrance: D√©couvrez le stade de Porto Alegre ou l'#EDF jouera son 1er match de la #CM2014 contre le Honduras le 15 juin ! http://‚Ä¶
410068915675729920	RT @ADMDFRANCE: Participation de l'@admd90 √† une r√©union organis√©e par le r√©seau solidaire #EDF #GDF #ADMD http://t.co/qAGktdQuTe http://t.‚Ä¶
410068751271596032	RT @ADMDFRANCE: Participation de l'@admd90 √† une r√©union organis√©e par le r√©seau solidaire #EDF #GDF #ADMD http://t.co/qAGktdQuTe http://t.‚Ä¶
410066479686496256	J'en ai profit√© pour me refaire des vid√©os de Ti'Franck, qui a bien grandi, et celle-ci est au top http://t.co/NT3yo6Mezn #footfran√ßais #edf
410064264817573888	RT @PhilippeTreguer: La France ¬´pr√™te √† construire¬ª deux nouvelles tranches #EPR en Chine http://t.co/anVTFVcCoc #nucl√©aire #AREVA #EDF
410064132621099008	Le livre Blanc sur la suret√© des installations nucl√©aire fait pas des lobbys Pro-Nucl√©aire http://t.co/IBkH0vo9Pj #Areva #EDF
410058837438132224	#CM2014 La d√©l√©gation de l'#edf  en visite avec la FIFA au Maracana √† Rio. Stade du match Equateur-France le 25 juin. http://t.co/Y4hToXAHyf
410057122228215808	RT @Ines_MartinezC: #Me #alisia #rocio #friends #guapis #cole #edf #futbol  #love #instagram #instacute http://t.co/i8XoDUUJiD
410055679647285249	Le Honduras et l'Equateur suscitent plus d‚Äôengouement que la Suisse si on en croit la billetterie de la #CM2014. #EDF http://t.co/TrAKyEd6Vq
410053499783626752	Participation de l'@admd90 √† une r√©union organis√©e par le r√©seau solidaire #EDF #GDF #ADMD http://t.co/qAGktdQuTe http://t.co/WGAAdqKwAK
410053268614557696	Juninho : ¬´¬†Ces images vont rester grav√©es¬†¬ª 09/12 http://t.co/wnKQCzYSdz #edf
410053248926502912	Juninho : ¬´¬†Ces images vont rester grav√©es¬†¬ª 09/12 http://t.co/9z6X97Vuqc #edf
410050525506195456	mobilit√© #√©lectrique La France a un devoir : celui d'√™tre 1 leader mondial #EDF #ZOE #COP21 #mutation #peakoil http://t.co/1LNUCAcJOq
410044583478054913	RT @Alertefoot: Et voici #MissFrance2014 ! &gt; &gt;&gt; Franck #Ribery #EDF @InsoliteFoot http://t.co/d39r7P2gbt
410043970916720640	RT @Ines_MartinezC: #Me #alisia #rocio #friends #guapis #cole #edf #futbol  #love #instagram #instacute http://t.co/i8XoDUUJiD
410043800749604864	RT @equipedefrance: Les 3 adversaires des #Bleus pour le 1er tour de la #CM2014 pass√©s √† la loupe : http://t.co/1PN2uo3n5K #EDF http://t.co‚Ä¶
410041950956294144	#Belgrade2013 Alexandre SADDEDINE, Mehdi BELHADJ, Hamza HABJAOUI en or avec l'#edf http://t.co/d2oqkPj4db
410041760749215744	RT @JAllardon: M√™me au Japon le foot reste intensif! Quand personne ne veut perdre c'est chauuuuud!!!! #foot #Japon #EDF http://t.co/0ZJFG4‚Ä¶
410041650514128897	RT @JAllardon: M√™me au Japon le foot reste intensif! Quand personne ne veut perdre c'est chauuuuud!!!! #foot #Japon #EDF http://t.co/0ZJFG4‚Ä¶
410040632694939649	RT @Alertefoot: Avant l'√©quipe de France c'√©tait √ßa !  Un maximum de RT  #EDF #Zidane #Ribery #BallonDor @Footballogue @ActuFoot_ http://t.‚Ä¶
410040298568699904	"@GFN_France: The World Cup ball is unveiled. All hail the 'Brazuca' #EDF #WC2014 #France http://t.co/YFpq94xWpU"  15ans ..#allerlesbleus
410039348202319872	RT @equipedefrance: Les 3 adversaires des #Bleus pour le 1er tour de la #CM2014 pass√©s √† la loupe : http://t.co/1PN2uo3n5K #EDF http://t.co‚Ä¶
410038105438437376	RT @ASN: #EDF #Bugey l'#ASN ouvre une consultation du public sur les modalit√©s de rejets et de pr√©l√®vements d'eau (9-23/12) -&gt; http://t.co/‚Ä¶
410037958843301888	RT @ASN: #EDF #Bugey l'#ASN ouvre une consultation du public sur les modalit√©s de rejets et de pr√©l√®vements d'eau (9-23/12) -&gt; http://t.co/‚Ä¶
410037947891982336	RT @equipedefrance: Les 3 adversaires des #Bleus pour le 1er tour de la #CM2014 pass√©s √† la loupe : http://t.co/1PN2uo3n5K #EDF http://t.co‚Ä¶
410036729781837824	Franck #Rib√©ry parmi les 3 finalistes pour le #BallondOr 2013. #RT si tu veux le voir obtenir ce troph√©e ! #EDF #FR7 http://t.co/LqGYnUfzpz
410036564480499712	RT @JAllardon: M√™me au Japon le foot reste intensif! Quand personne ne veut perdre c'est chauuuuud!!!! #foot #Japon #EDF http://t.co/0ZJFG4‚Ä¶
410035903306801152	#EDF voudrait ren√©gocier le temps de #travail de ses #salari√©s - Europe1.fr - Economie http://t.co/2Nj3gFFWko
410032422211031040	RT @equipedefrance: Les 3 adversaires des #Bleus pour le 1er tour de la #CM2014 pass√©s √† la loupe : http://t.co/3fojsOsU27 #EDF
410032222868344832	RT @equipedefrance: Les 3 adversaires des #Bleus pour le 1er tour de la #CM2014 pass√©s √† la loupe : http://t.co/1PN2uo3n5K #EDF http://t.co‚Ä¶
410031708688244737	M√™me au Japon le foot reste intensif! Quand personne ne veut perdre c'est chauuuuud!!!! #foot #Japon #EDF http://t.co/0ZJFG4F2xf
410031304898379776	#oliviergiroud #giroud #benjaminstambouli #stambouli #bromance #EDF #mafiaandalus http://t.co/9BgrLyDmIj
410031190348148737	RT @equipedefrance: D√©couvrez le stade de Porto Alegre ou l'#EDF jouera son 1er match de la #CM2014 contre le Honduras le 15 juin ! http://‚Ä¶
410026949403492352	RT @equipedefrance: Les 3 adversaires des #Bleus pour le 1er tour de la #CM2014 pass√©s √† la loupe : http://t.co/1PN2uo3n5K #EDF http://t.co‚Ä¶
410026217795248128	RT @equipedefrance: D√©couvrez le stade de Porto Alegre ou l'#EDF jouera son 1er match de la #CM2014 contre le Honduras le 15 juin ! http://‚Ä¶
410025957106647040	RT @equipedefrance: D√©couvrez le stade de Porto Alegre ou l'#EDF jouera son 1er match de la #CM2014 contre le Honduras le 15 juin ! http://‚Ä¶
410025526372614145	#Me #alisia #rocio #friends #guapis #cole #edf #futbol  #love #instagram #instacute http://t.co/i8XoDUUJiD
410024206123171840	RT @equipedefrance: Les 3 adversaires des #Bleus pour le 1er tour de la #CM2014 pass√©s √† la loupe : http://t.co/1PN2uo3n5K #EDF http://t.co‚Ä¶
410024166432051200	#ArevaLand #EDF Sondage sur le Suicide Atomique Collectif  http://t.co/LvnUwwSE2i
410023718103306240	RT @equipedefrance: Les 3 adversaires des #Bleus pour le 1er tour de la #CM2014 pass√©s √† la loupe : http://t.co/1PN2uo3n5K #EDF http://t.co‚Ä¶
410019761884786688	RT @equipedefrance: Les 3 adversaires des #Bleus pour le 1er tour de la #CM2014 pass√©s √† la loupe : http://t.co/1PN2uo3n5K #EDF http://t.co‚Ä¶
410017533052608512	RT @SportClown: Premi√®re √©tape dans le passage de t√©moin entre @Thierry_Omeyer et @Gerard_Vincent ? #handball @USDKDunkerque #edf http://t.‚Ä¶
410016476725534720	RT @equipedefrance: Les 3 adversaires des #Bleus pour le 1er tour de la #CM2014 pass√©s √† la loupe : http://t.co/1PN2uo3n5K #EDF http://t.co‚Ä¶
410016197803917312	French prime minister @jeanmarcayrault visits @edfehinkleyc cousin.  China People's Daily | http://t.co/OX6ozqshnA #Hinkley #EDF #DECC
410015376714776576	RT @ActuFoot_: #Officiel: le nouveau maillot domicile #CM2014 de l'#EdF ! http://t.co/bVIa7lKzyo
410015302747815936	#EDF meets suppliers for #Hinkley preparations   -  http://t.co/eTUt6SAeiG?
410015302554906624	#EDF meets suppliers for #Hinkley preparations   -  http://t.co/a9Q94mjk1t?
410015302471020544	#EDF meets suppliers for #Hinkley preparations   -  http://t.co/VNChl6ZwJs?
410015302450028544	#EDF meets suppliers for #Hinkley preparations   -  http://t.co/NzsNwnwRIc?
410015302374526976	#EDF meets suppliers for #Hinkley preparations   -  http://t.co/jrE25MWced?
410014631483015168	R√©partition des gains pour la coupe du monde #FIFA 2014, joli pactole pour les gagnants ! #edf #rio2014 #coupedumonde http://t.co/Q6SCDi2Bfq
410012123528716288	RT @equipedefrance: Les 3 adversaires des #Bleus pour le 1er tour de la #CM2014 pass√©s √† la loupe : http://t.co/1PN2uo3n5K #EDF http://t.co‚Ä¶
410011668429930496	#Deejay #Syt #mix #fzbg #Burial #spot #edf #vybz #kartel http://t.co/A6T6HauO4B
410011264774328320	RT @equipedefrance: D√©couvrez le stade de Porto Alegre ou l'#EDF jouera son 1er match de la #CM2014 contre le Honduras le 15 juin ! http://‚Ä¶
410011261184012288	RT @equipedefrance: D√©couvrez le stade de Porto Alegre ou l'#EDF jouera son 1er match de la #CM2014 contre le Honduras le 15 juin ! http://‚Ä¶
410011000222806016	RT @equipedefrance: Les 3 adversaires des #Bleus pour le 1er tour de la #CM2014 pass√©s √† la loupe : http://t.co/1PN2uo3n5K #EDF http://t.co‚Ä¶
410010939543793664	#EDF #Bugey l'#ASN ouvre une consultation du public sur les modalit√©s de rejets et de pr√©l√®vements d'eau (9-23/12) -&gt; http://t.co/W8ZtSAbjqT
410010818642972673	RT @FzBg_SYT: #mix #Dancehall #Wine #And #Kotch #charly #capri #edf #riddim #fzbg http://t.co/wZCRAaf59W
410010617794539520	RT @equipedefrance: Les 3 adversaires des #Bleus pour le 1er tour de la #CM2014 pass√©s √† la loupe : http://t.co/1PN2uo3n5K #EDF http://t.co‚Ä¶
410010431298994177	RT @equipedefrance: Les 3 adversaires des #Bleus pour le 1er tour de la #CM2014 pass√©s √† la loupe : http://t.co/1PN2uo3n5K #EDF http://t.co‚Ä¶
410010103342178305	#mix #Dancehall #Wine #And #Kotch #charly #capri #edf #riddim #fzbg http://t.co/wZCRAaf59W
410009908055408641	RT @equipedefrance: Les 3 adversaires des #Bleus pour le 1er tour de la #CM2014 pass√©s √† la loupe : http://t.co/1PN2uo3n5K #EDF http://t.co‚Ä¶
410008981856604160	RT @ASN: #EDF #Bugey l'#ASN ouvre une consultation du public sur les modalit√©s de rejets et de pr√©l√®vements d'eau (9-23/12) -&gt; http://t.co/‚Ä¶
410008777648128000	Les 3 adversaires des #Bleus pour le 1er tour de la #CM2014 pass√©s √† la loupe : http://t.co/1PN2uo3n5K #EDF http://t.co/SGf7RPEvaI
410008540833923072	Sa commence √† sentir no√´l dans le coin #EDF http://t.co/jHtzQEFWC3
410008369630830592	RT @ASN: #EDF #Bugey l'#ASN ouvre une consultation du public sur les modalit√©s de rejets et de pr√©l√®vements d'eau (9-23/12) -&gt; http://t.co/‚Ä¶
410008270158315520	#EDF #Bugey l'#ASN ouvre une consultation du public sur les modalit√©s de rejets et de pr√©l√®vements d'eau (9-23/12) -&gt; http://t.co/jh4MOSZL9j
410005181116731392	RT @equipedefrance: D√©couvrez le stade de Porto Alegre ou l'#EDF jouera son 1er match de la #CM2014 contre le Honduras le 15 juin ! http://‚Ä¶
410004934281924608	RT @equipedefrance: D√©couvrez le stade de Porto Alegre ou l'#EDF jouera son 1er match de la #CM2014 contre le Honduras le 15 juin ! http://‚Ä¶
410003080928051200	RT @SportClown: Premi√®re √©tape dans le passage de t√©moin entre @Thierry_Omeyer et @Gerard_Vincent ? #handball @USDKDunkerque #edf http://t.‚Ä¶
410002824752545792	RT @SportClown: Premi√®re √©tape dans le passage de t√©moin entre @Thierry_Omeyer et @Gerard_Vincent ? #handball @USDKDunkerque #edf http://t.‚Ä¶
410002762022522880	RT @SportClown: Premi√®re √©tape dans le passage de t√©moin entre @Thierry_Omeyer et @Gerard_Vincent ? #handball @USDKDunkerque #edf http://t.‚Ä¶
410002253303795712	RT @SportClown: Premi√®re √©tape dans le passage de t√©moin entre @Thierry_Omeyer et @Gerard_Vincent ? #handball @USDKDunkerque #edf http://t.‚Ä¶
410002174102736896	RT @SportClown: Premi√®re √©tape dans le passage de t√©moin entre @Thierry_Omeyer et @Gerard_Vincent ? #handball @USDKDunkerque #edf http://t.‚Ä¶
410000883146326016	Premi√®re √©tape dans le passage de t√©moin entre @Thierry_Omeyer et @Gerard_Vincent ? #handball @USDKDunkerque #edf http://t.co/A3MEpZN870
410000584562184192	RT @equipedefrance: D√©couvrez le stade de Porto Alegre ou l'#EDF jouera son 1er match de la #CM2014 contre le Honduras le 15 juin ! http://‚Ä¶
410000276070752257	La #CSPE (#EnR) retouch√©e dans le #budget rectificatif 2013 pour rembourser l'ardoise du #gouvernement aupr√®s d'#EDF http://t.co/LKVriN6bxE
