soccer	409717280738525184	La France favoris√©e pour le tirage au sort? Motta est d‚Äôaccord! http://t.co/Y2DJOtJKlB #edf
soccer	409699594139086849	RT @equipedefrance: #CM2014 La d√©l√©gation de l'#edf en rep√©rage au stade de Salvador o√π les Bleus affronteront la Suisse le 20 juin. http:/‚Ä¶
edf	409685298759495681	#√©nergie Surfacturer l'√©clairage nocturne de bureaux, une mesure #mde pour Linky ? (#edf) http://t.co/1GAxndfVVY
soccer	409682051420282880	T√©l√©foot : Les dessous d‚Äôun tirage au sort de r√™ve http://t.co/2gcW5XnBxD #edf
edf	409676366238740481	RT @EDFofficiel: #telethon2013 Les dons d'#EDF et de ses salari√©s contribueront au financement d'essais th√©rapeutiques. + d'infos : http://‚Ä¶
soccer	409672809091444736	RT @Alertefoot: Et voici #MissFrance2014 ! &gt; &gt;&gt; Franck #Ribery #EDF @InsoliteFoot http://t.co/d39r7P2gbt
soccer	409671635135111168	RT @ultrasflo: #oliviergiroud #giroud #EDF #sexytime http://t.co/NPKQ21A2HR
soccer	409666318908928004	Bleus ‚Äì Matuidi : ¬†¬ªEssayer de terminer 1er du groupe¬†¬ª http://t.co/aSfJQwxkKr #edf
soccer	409663310695784449	Il fallait donc leur couper la t√™te pour qu'ils mettent leurs mains sur le c≈ìur #EDF http://t.co/FlDl6HFk4S
soccer	409662375617634304	RT @Dede_Deschamps: T√©l√©foot : Statistiques de l‚Äô√©quipe de France en Coupe du Monde http://t.co/MqJQiZD4zD #edf
soccer	409662310702018560	T√©l√©foot : Statistiques de l‚Äô√©quipe de France en Coupe du Monde http://t.co/TQdoNyDOHO #edf
soccer	409652395988496384	RT @debriefoot: R√©sum√© du tirage d'hier, et petit calendrier en bonus. Bonne soir√©e √† tous ! #RT #football #EDF #tirage http://t.co/ixOw2ZM‚Ä¶
soccer	409651445349507072	#foot #EdF et pendant ce temps, la Coupe du monde http://t.co/sLv1PzJCod
edf	409648614567596032	RT @Fondation_EDF: #endirect les salari√©s d'#EDF sur le plateau du #telethon2013 merci √† vous tous ! http://t.co/B7BkjeL7nt
soccer	409640765145366528	#Mondial-2014 : 65 % des Fran√ßais voient les #Bleus passer le 1er tour #football #EDF http://t.co/b9btHFSTbX via @midilibre
soccer	409633063627685888	On ne peut plus dire qu'on ne conna√Æt pas les adversaires des Bleus au mondial. #cdm2014 #edf cc @LucarneOpposee http://t.co/2s9ynrEDqb
soccer	409631748138754048	RT @Alertefoot: Et voici #MissFrance2014 ! &gt; &gt;&gt; Franck #Ribery #EDF @InsoliteFoot http://t.co/d39r7P2gbt
soccer	409631730195509248	RT @Alertefoot: Avant l'√©quipe de France c'√©tait √ßa !  Un maximum de RT  #EDF #Zidane #Ribery #BallonDor @Footballogue @ActuFoot_ http://t.‚Ä¶
edf	409630895251808256	2013 UK energy review :-)  Oct: #DECC &amp; #EDF finally agree terms for #Hinkley  http://t.co/KdBJr4pt7J Thx @HK_London http://t.co/BXRM5mKiho
soccer	409628773257334784	RT @Alertefoot: Avant l'√©quipe de France c'√©tait √ßa !  Un maximum de RT  #EDF #Zidane #Ribery #BallonDor @Footballogue @ActuFoot_ http://t.‚Ä¶P2gbt
edf	409609345778085888	RT @EDFofficiel: #telethon2013 Les dons d'#EDF et de ses salari√©s contribueront au financement d'essais th√©rapeutiques. + d'infos : http://‚Ä¶
soccer	409591689175498752	RT @LucarneOpposee: Rappel : la pr√©sentation de l'Equateur et du Honduras, adversaires de l'#edf en #cdm2014 c'est ici http://t.co/sUvyK18u‚Ä¶
soccer	409590159416754176	RT @equipedefrance: Tr√®s bon anniversaire √† Aim√© Jacquet qui f√™te aujourd'hui ses 72 ans #EDF http://t.co/1Om30DLpvW
soccer	409546165441806337	RT @Adrientp: Ongenda fait partie de la campagne de pub de Nike du nouveau maillot des Bleus, sympa #PSG #EDF http://t.co/1JKy5GJHW3
soccer	409510298509651968	RT @gaautier: le nouveau print de Nike pour la commercialisation du maillot de l'√©quipe de France, votre avis? #EDF #equipedefrance http://‚Ä¶
soccer	409510257552269312	RT @Mordu2Foot: Le nouveau maillot de l'#EdF est commercialis√© ! #Bleus #CDM2014 #Nike #France http://t.co/GtI5PyjFDF
soccer	409507081998565376	Quenelles Avec Dieudonn√© : l' Abjuration De Mamadou Sakho http://t.co/JXmn67jFEy #EDF
soccer	409479226513833988	Retour sur la qualif' des Bleus √† la #CM2014 et analyse du d√©samour de cette #EDF, semblant √©lev√©e : http://t.co/oSin1pGSIn Par @Begaudeau
soccer	409477575195770880	RT @equipedefrance: #CM2014 La d√©l√©gation de l'#edf en rep√©rage au stade de Salvador o√π les Bleus affronteront la Suisse le 20 juin. http:/‚Ä¶
soccer	409458590978953216	Alg√©rie- #EDF le 2 juin ? Cette date est a l'√©tude ! Les discussions se sont acc√©l√©r√©es entre la FFF et la FAF http://t.co/MOlHNNPE7u
soccer	409449831921225728	Vid√©o : Quand Leboeuf compare les Bleus √† Marion Bartoli ‚Äì 07/12 http://t.co/iVzIjxVldB #edf
soccer	409449826250551297	Coupe du Monde 2014 / Pr√©sentation du groupe de la France ‚Äì 07/12 http://t.co/5aIpvZiM4A #edf
soccer	409449821427081216	Ligue 1 / Montpellier : Courbis explique son choix ‚Äì 07/12 http://t.co/zB4cim26iU #edf
soccer	409449801659346944	Ligue 1 / Montpellier : Courbis explique son choix ‚Äì 07/12 http://t.co/qPKGJmd98Q #edf
edf	409441890732232704	#EDF EN pr√©f√®re Saint-Nazaire √† Brest pour l'assemblage de ses √©oliennes - Le marin http://t.co/jfYDSn6RSH
soccer	409431932095959041	RT @ActuFoot_: Voici le complexe qu'a pr√©-s√©lectionn√© l'#EdF pour la #CM2014 au Br√©sil. http://t.co/Yiwi14wtpT
soccer	409430830453637120	RT @hugohadjar: Deux monstres ..et sa sa vient de ? PARIS ! üëå #Sakho #Matuidi #EDF #GoToTheBrasil http://t.co/Y9EO69CUEf
soccer	409416423518507008	RT @Youkilili: Maillot Coupe du Monde : Fait ! #CDM #Bleu #Nike #Edf #Gdf #Suez #Moulant #Maigreur http://t.co/Wy2EgbwhEu
soccer	409410559658819584	Les Bleus jug√©s par la presse √©trang√®re http://t.co/t722aWc4fQ #edf
soccer	409397535745536000	RT @clemgrenier: Apr√®s la victoire 6-0 contre l'Australie ... Retour a Clairefontaine ! #joie #EDF #ParcDesPrinces Bonne journ√©e ... http:/‚Ä¶
soccer	409394226519343104	RT @Iepique: Hatem #BenArfa dans #T√©l√©foot : "Mon pays c'est la Hollande, la France, c'est juste pour le sportif !" #EDF #NUFC http://t.co/‚Ä¶
soccer	409393309262807042	RT @martincouturie: L'image de la soir√©e #CM2014 #TirageAuSort #EDF http://t.co/8vVmoVuvxu
edf	409392970916724736	RT @Fondation_EDF: #endirect les salari√©s d'#EDF sur le plateau du #telethon2013 merci √† vous tous ! http://t.co/B7BkjeL7nt
edf	409392602061221888	RT @EDFofficiel: #telethon2013 Les dons d'#EDF et de ses salari√©s contribueront au financement d'essais th√©rapeutiques. + d'infos : http://‚Ä¶
soccer	409389461990936576	@MATUIDIBlaise : " on ne va pas se cacher c'est un bon tirage pour les #bleus" #cm2014 #edf @le10sport http://t.co/v1IHcPn8mf
edf	409386791217942528	RT @Europe_EnR: L'hydrolienne Arcouest #OPENHYDRO #EDF rejoint le site Paimpol-Br√©hat pour 2 mois de test supp http://t.co/2paZBO79nH http:‚Ä¶
edf	409386593653633024	RT @Fondation_EDF: #encoulisse les salari√©s #EDF pr√™ts √† monter sur le plateau pour d√©voiler le montant du don au @Telethon_France http://t‚Ä¶
soccer	409382414201659392	RT @auroreberge: Tr√®s beau moment avec les enfants et b√©n√©voles du Club de Foot et JL Ettori, ancien joueur de l #EDF de Foot! http://t.co/‚Ä¶
soccer	409382058080108545	RT @meltyBuzz: #CDM2014 : Tirage au sort,la r√©action des Twittos http://t.co/NFMR5pbjLg #EDF #CM2014 #Bresil2014 @boutinfly @therealcricri ‚Ä¶
edf	409380945905864704	#encoulisse les salari√©s #EDF pr√™ts √† monter sur le plateau pour d√©voiler le montant du don au @Telethon_France http://t.co/eGntaDmsMU
soccer	409375958211497984	RT @debriefoot: R√©sum√© du tirage d'hier, et petit calendrier en bonus. Bonne soir√©e √† tous ! #RT #football #EDF #tirage http://t.co/ixOw2ZM‚Ä¶
soccer	409363692762173441	RT @Niort_Pictes: 3√®me quart temps l'√©quipe de France s'impose une fois de plus sur une magnifique passe dans la endzone. #EDF #FFFA http:/‚Ä¶
soccer	409362916211957760	RT @LeParigoDu92: MDR trop fort #Sakho @mamadousakho3 #EDF #TeamFrance #TeamSakho #TeamPSG http://t.co/GVxM0yicu2
soccer	409362497565896704	RT @Niort_Pictes: 3√®me quart temps l'√©quipe de France s'impose une fois de plus sur une magnifique passe dans la endzone. #EDF #FFFA http:/‚Ä¶
soccer	409343421732913152	Des la saison prochaine un groupe #EDF de 30 joueurs (max 30 match/saison √† compter des 20 min de pr√©sence terrain) http://t.co/e2wPYKKFpO
soccer	409327111246471168	RT @Alertefoot: Fabien #Barthez, comme il le faisait souvent sur un terrain de football, il se payait une bonne #Pausepipi ! #EDF http://t.‚Ä¶
soccer	409321006734798849	RT @ParisNoLimit: Lucas : "La France ira loin √† la Coupe du monde" http://t.co/NKQWmxOixU #EDF #PSG
soccer	409299864950808576	On sait d√©j√† qui remportera la prochaine #CDM2014 chez @90minutesFR ! Et le nouveau champion du monde est... http://t.co/9k99shFkt3 #EDF
edf	409296798160023552	Fiche #EDF a d√©couvrir sur http://t.co/BGDt4WH7U9 #bourse #action #conseil
soccer	409295320393449472	RT @Alertefoot: Fabien #Barthez, comme il le faisait souvent sur un terrain de football, il se payait une bonne #Pausepipi ! #EDF http://t.‚Ä¶
edf	409293964408541184	RT @Europe_EnR: L'hydrolienne Arcouest #OPENHYDRO #EDF rejoint le site Paimpol-Br√©hat pour 2 mois de test supp http://t.co/2paZBO79nH http:‚Ä¶
soccer	409292732847247360	Dacourt : ¬´¬†Si on passe pas, on aura rien √† faire √† la Coupe du monde !¬†¬ª http://t.co/1wYuGEFMMP #edf