DEMOCRATIC JUSTICE IS DEAD:We now live under Corporate Law: Profit B4 Life.  http://t.co/pE1BFu9OcC  #britishtelecom,#bt_uk,#centrica,#edf
RT @FrenchFtWeekly: WORTH GETTING OFF THE BUS FOR? France handed generous WC draw - http://t.co/4z2vLU7yQg by @hotdogfrog #EDF #FFF
RT @FrenchFtWeekly: WORTH GETTING OFF THE BUS FOR? France handed generous WC draw - http://t.co/4z2vLU7yQg by @hotdogfrog #EDF #FFF
WORTH GETTING OFF THE BUS FOR? France handed generous WC draw - http://t.co/4z2vLU7yQg by @hotdogfrog #EDF #FFF
RT @FrenchFtWeekly: WORTH GETTING OFF THE BUS FOR? France handed generous WC draw http://t.co/kxjR3EDOze by @hotdogfrog #EDF #FFF
RT @BooB_SRFC: Pour l'√©lection du joueur fran√ßais de l'ann√©e FF, Gourcuff √©carte Rib√©ry de son Top 5 #ol #edf #exsrfc http://t.co/8ofjErBL9b
Pour l'√©lection du joueur fran√ßais de l'ann√©e FF, Gourcuff √©carte Rib√©ry de son Top 5 #ol #edf #exsrfc http://t.co/8ofjErBL9b
RT @Alertefoot: Que pensez-vous de ce sc√©nario ? #CM2014 #EDF @ActuFoot_ @Footballogue http://t.co/CvyUm5bLef
EDF EDF EDF.... http://t.co/RYQUWatBGm #EDF
RT @Alertefoot: Que pensez-vous de ce sc√©nario ? #CM2014 #EDF @ActuFoot_ @Footballogue http://t.co/CvyUm5bLef
VIDEO. Apr√®s avoir marqu√© de la main, il demande √† l‚Äôarbitre d‚Äôannuler le but http://t.co/VmoiNWmxSe #CDM2014 #EDF
RT @FrenchFtWeekly: WORTH GETTING OFF THE BUS FOR? France handed generous WC draw http://t.co/kxjR3EDOze by @hotdogfrog #EDF #FFF
RT @Alertefoot: Que pensez-vous de ce sc√©nario ? #CM2014 #EDF @ActuFoot_ @Footballogue http://t.co/CvyUm5bLef
Eolien en mer. #EDF va assembler ses √©oliennes √† Saint-Nazaire plut√¥t qu'√† Brest http://t.co/4AcEvCvzoZ #eolien #usine #energie
RT @Alertefoot: Que pensez-vous de ce sc√©nario ? #CM2014 #EDF @ActuFoot_ @Footballogue http://t.co/CvyUm5bLef
RT @Alertefoot: Que pensez-vous de ce sc√©nario ? #CM2014 #EDF @ActuFoot_ @Footballogue http://t.co/CvyUm5bLef
RT @Alertefoot: Que pensez-vous de ce sc√©nario ? #CM2014 #EDF @ActuFoot_ @Footballogue http://t.co/CvyUm5bLef
RT @Alertefoot: Que pensez-vous de ce sc√©nario ? #CM2014 #EDF @ActuFoot_ @Footballogue http://t.co/CvyUm5bLef
RT @Alertefoot: Que pensez-vous de ce sc√©nario ? #CM2014 #EDF @ActuFoot_ @Footballogue http://t.co/CvyUm5bLef
RT @Alertefoot: Que pensez-vous de ce sc√©nario ? #CM2014 #EDF @ActuFoot_ @Footballogue http://t.co/CvyUm5bLef
RT @Alertefoot: Que pensez-vous de ce sc√©nario ? #CM2014 #EDF @ActuFoot_ @Footballogue http://t.co/CvyUm5bLef
Que pensez-vous de ce sc√©nario ? #CM2014 #EDF @ActuFoot_ @Footballogue http://t.co/CvyUm5bLef
RT @WindowsPhoneFR: Alors ce tirage #CDM2014 ? RT pour un Br√©sil en Bleu Blanc Rouge ! #EDF #fansdesbleus http://t.co/xWukN8uTKY
RT @equipedefrance: Joyeux anniversaire √† l'ancien lat√©ral gauche de l'#EDF @BixeLizarazu (97 s√©lections en A) qui f√™te ses 44 ans ! http:/‚Ä¶
RT @EDFofficiel: #telethon2013 Les dons d'#EDF et de ses salari√©s contribueront au financement d'essais th√©rapeutiques. + d'infos : http://‚Ä¶
RT @equipedefrance: Joyeux anniversaire √† l'ancien lat√©ral gauche de l'#EDF @BixeLizarazu (97 s√©lections en A) qui f√™te ses 44 ans ! http:/‚Ä¶
WORTH GETTING OFF THE BUS FOR? France handed generous WC draw http://t.co/kxjR3EDOze by @hotdogfrog #EDF #FFF
RT @equipedefrance: Joyeux anniversaire √† l'ancien lat√©ral gauche de l'#EDF @BixeLizarazu (97 s√©lections en A) qui f√™te ses 44 ans ! http:/‚Ä¶
RT @Monobrowser: Oh god I want this game so bad! Seriously considering importing http://t.co/JWyI1naxuu #EDF
RT @Monobrowser: Oh god I want this game so bad! Seriously considering importing http://t.co/JWyI1naxuu #EDF
Oh god I want this game so bad! Seriously considering importing http://t.co/JWyI1naxuu #EDF
„ÄêÂú∞ÁêÉÈò≤Ë°õËªç4„ÄëÈ´ò„É¨„Éô„É´Ê≠¶Âô®Á®º„Åé „Ç™„É≥„É©„Ç§„É≥ „Éü„ÉÉ„Ç∑„Éß„É≥48.Èùí„ÅçË°õÂ£´Á∑®: http://t.co/3omAH1duIU #Âú∞ÁêÉÈò≤Ë°õËªç4 #EDF #Âú∞ÁêÉÈò≤Ë°õËªç #EDF4 #Ê≠¶Âô®Á®º„Åé
#Sondage : Nucl√©aire, une fili√®re d'avenir ? - Beh non... - http://t.co/9lDwGhdDFG #environnement #EDF #√©cologie
RT @in_dia_na: Parfois, les bleus peuvent √™tre excellents! #EDF http://t.co/YmscPUvpJp
RT @rbigliani: #EDF chooses Bull + Osiatis to deploy and run world's biggest private cloud-based infrastructure with Microsoft tech http://‚Ä¶
#EDF chooses Bull + Osiatis to deploy and run world's biggest private cloud-based infrastructure with Microsoft tech http://t.co/2TsSXFsLYu
RT @ADMDFRANCE: Participation de l'@admd90 √† une r√©union organis√©e par le r√©seau solidaire #EDF #GDF #ADMD http://t.co/qAGktdQuTe http://t.‚Ä¶
10.12 Portrait des cadres dirigeants EDF Aramon. Photographe @corinebrisbois http://t.co/uRv1N81seR #aramon #edf http://t.co/a0bG6A9d9X
The price of charity: #SavetheChildren exposed after seeking approval of energy firms #EDF #BritishGas #daicazzo http://t.co/orOfL04JZM
RT @GreenpeaceMTP: #BFM demande votre avis #nucl√©aire fili√®re d'avenir? A vos clics ! Non √† 78% et vous ? http://t.co/IJMgUXJrFL #areva #edf
RT @ADMDFRANCE: Participation de l'@admd90 √† une r√©union organis√©e par le r√©seau solidaire #EDF #GDF #ADMD http://t.co/qAGktdQuTe http://t.‚Ä¶
RT @omedias44: @Batabap bonjour, je l'avais donn√© hier soir‚Ä¶ Corner Teddy Bouriaud pour but @Enock782 100% #fcnantes :) #U17 #EDF http://t.‚Ä¶
RT @djmimifr: Tirage au sort du Mondial 2014 : La th√©orie du complot fran√ßais gagne l‚ÄôEurope http://t.co/pTxbF4GXkn #CDM2014 #EDF
Âú∞ÁêÉÈò≤Ë°õËªç4„Éó„É¨„Ç§Êó•Ë®ò: Âú∞ÁêÉÈò≤Ë°õËªç4„ÅÆÂá¶ÁêÜËêΩ„Å°„ÇíËß£Ê∂à„ÄÅËªΩÊ∏õ„Åô„ÇãÊñπÊ≥ï http://t.co/Lfl9PJsa2V #Âú∞ÁêÉÈò≤Ë°õËªç4 #EDF4 #Âú∞ÁêÉÈò≤Ë°õËªç #EDF
RT @djmimifr: Tirage au sort du Mondial 2014 : La th√©orie du complot fran√ßais gagne l‚ÄôEurope http://t.co/pTxbF4GXkn #CDM2014 #EDF
Tirage au sort du Mondial 2014 : La th√©orie du complot fran√ßais gagne l‚ÄôEurope http://t.co/pTxbF4GXkn #CDM2014 #EDF
RT @ASN: #EDF #Bugey l'#ASN ouvre une consultation du public sur les modalit√©s de rejets et de pr√©l√®vements d'eau (9-23/12) -&gt; http://t.co/‚Ä¶
RT @equipedefrance: Joyeux anniversaire √† l'ancien lat√©ral gauche de l'#EDF @BixeLizarazu (97 s√©lections en A) qui f√™te ses 44 ans ! http:/‚Ä¶
Courbis, un retour en H√©rault ‚Äì 09/12 http://t.co/vyDngTqePz #edf
Becker : ¬´¬†Rib√©ry est quelqu‚Äôun de bien¬†¬ª 09/12 http://t.co/VwSP5dBdWH #edf
Courbis, un retour en H√©rault ‚Äì 09/12 http://t.co/tB5CV6zrYD #edf
Becker : ¬´¬†Rib√©ry est quelqu‚Äôun de bien¬†¬ª 09/12 http://t.co/X3fDZ2GhLA #edf
DEMOCRATIC JUSTICE IS DEAD:We now live under Corporate Law: Profit B4 Life.  http://t.co/pE1BFu9OcC  #britishtelecom,#bt_uk,#centrica,#edf
#Fukushima estomp√© dans les m√©moires, #EDF continue √† ergoter http://t.co/QChFkMztrr via @RachelFleaux in @sciences_avenir #nucl√©aire
RT @SportClown: Premi√®re √©tape dans le passage de t√©moin entre @Thierry_Omeyer et @Gerard_Vincent ? #handball @USDKDunkerque #edf http://t.‚Ä¶
L'#EdF va gagner la coupe du monde gr√¢ce √†  Platini si √ßa continue, lol ! http://t.co/icLI4gxBi6
RT @equipedefrance: D√©couvrez le stade de Porto Alegre ou l'#EDF jouera son 1er match de la #CM2014 contre le Honduras le 15 juin ! http://‚Ä¶
RT @Menez___: La France va au Br√©sil ! #Sahko #Parisien #EDF #DirectionLeBr√©sil ! ‚öΩ http://t.co/eYME635yOx
RT @Mariongreeneyes: Voici le programme des fran√ßaises pour ce tour pr√©liminaire du mondial 2013 cc @FemmesDeSport #edf http://t.co/JxEkE7d‚Ä¶
RT @ValentinLucas9: üôÄ #edf http://t.co/5lhybYwFTs
RT @equipedefrance: Joyeux anniversaire √† l'ancien lat√©ral gauche de l'#EDF @BixeLizarazu (97 s√©lections en A) qui f√™te ses 44 ans ! http:/‚Ä¶
RT @equipedefrance: Joyeux anniversaire √† l'ancien lat√©ral gauche de l'#EDF @BixeLizarazu (97 s√©lections en A) qui f√™te ses 44 ans ! http:/‚Ä¶
RT @equipedefrance: D√©couvrez le stade de Porto Alegre ou l'#EDF jouera son 1er match de la #CM2014 contre le Honduras le 15 juin ! http://‚Ä¶
RT @equipedefrance: Joyeux anniversaire √† l'ancien lat√©ral gauche de l'#EDF @BixeLizarazu (97 s√©lections en A) qui f√™te ses 44 ans ! http:/‚Ä¶
RT @Mariongreeneyes: Voici le programme des fran√ßaises pour ce tour pr√©liminaire du mondial 2013 cc @FemmesDeSport #edf http://t.co/JxEkE7d‚Ä¶
RT @Mariongreeneyes: Voici le programme des fran√ßaises pour ce tour pr√©liminaire du mondial 2013 cc @FemmesDeSport #edf http://t.co/JxEkE7d‚Ä¶
RT @Mariongreeneyes: Voici le programme des fran√ßaises pour ce tour pr√©liminaire du mondial 2013 cc @FemmesDeSport #edf http://t.co/JxEkE7d‚Ä¶
"Raouraoua : ¬´Alg√©rie-France, je suis en discussion avec Le Gra√´t¬ª" #edf http://t.co/ejNfpANJH2
RT @tony_st_laurent: l'equipe du portugal en tant que probable adversaire des bleus prepare les barrages  #EDF #Barrage #Mondial14 http://t‚Ä¶
Ongenda fait partie de la campagne de pub de Nike du nouveau maillot des Bleus, sympa #PSG #EDF http://t.co/opFJKRKDbS
DEMOCRATIC JUSTICE IS DEAD:We now live under Corporate Law: Profit B4 Life.  http://t.co/pE1BFu9OcC  #britishtelecom,#bt_uk,#centrica,#edf
RT @equipedefrance: Joyeux anniversaire √† l'ancien lat√©ral gauche de l'#EDF @BixeLizarazu (97 s√©lections en A) qui f√™te ses 44 ans ! http:/‚Ä¶
Non c'est bien Betancourt qu'il s'appelle notre Armando du Racing 82 @jeanmichelhell #edf #honduras :-) http://t.co/suEQc41iXF
#EDF: Ra√Ø : ¬´La France n'attend pas grand-chose de ses Bleus¬ª http://t.co/8UIiAczdwY  =il a tout juste Rai #PSG #CaptainRai
RT @equipedefrance: Joyeux anniversaire √† l'ancien lat√©ral gauche de l'#EDF @BixeLizarazu (97 s√©lections en A) qui f√™te ses 44 ans ! http:/‚Ä¶
Nouveau maillot de l'#EDF !! Merci Tonton !! http://t.co/0M4Buszvsd
RT @WYN_OM: #EdF - Valbuena : ¬´Il ne faudra n√©gliger aucun adversaire¬ª http://t.co/FXh5OIu7iF
RT @equipedefrance: Joyeux anniversaire √† l'ancien lat√©ral gauche de l'#EDF @BixeLizarazu (97 s√©lections en A) qui f√™te ses 44 ans ! http:/‚Ä¶
RT @equipedefrance: Joyeux anniversaire √† l'ancien lat√©ral gauche de l'#EDF @BixeLizarazu (97 s√©lections en A) qui f√™te ses 44 ans ! http:/‚Ä¶
RT @equipedefrance: Joyeux anniversaire √† l'ancien lat√©ral gauche de l'#EDF @BixeLizarazu (97 s√©lections en A) qui f√™te ses 44 ans ! http:/‚Ä¶
RT @equipedefrance: Joyeux anniversaire √† l'ancien lat√©ral gauche de l'#EDF @BixeLizarazu (97 s√©lections en A) qui f√™te ses 44 ans ! http:/‚Ä¶
RT @equipedefrance: Joyeux anniversaire √† l'ancien lat√©ral gauche de l'#EDF @BixeLizarazu (97 s√©lections en A) qui f√™te ses 44 ans ! http:/‚Ä¶
RT @equipedefrance: Joyeux anniversaire √† l'ancien lat√©ral gauche de l'#EDF @BixeLizarazu (97 s√©lections en A) qui f√™te ses 44 ans ! http:/‚Ä¶
RT @equipedefrance: Joyeux anniversaire √† l'ancien lat√©ral gauche de l'#EDF @BixeLizarazu (97 s√©lections en A) qui f√™te ses 44 ans ! http:/‚Ä¶
Ready for the world cup !! #EdF #WorldCup2014 #football http://t.co/zcmq6HpLWM
Slovak company SSE transaction finalised from French #EDF to czech holding #EPH http://t.co/AOHLT0SWsQ EWC EDF defended respect 4 agreements
RT @equipedefrance: Les 3 adversaires des #Bleus pour le 1er tour de la #CM2014 pass√©s √† la loupe : http://t.co/1PN2uo3n5K #EDF http://t.co‚Ä¶
RT @equipedefrance: #CM2014 La d√©l√©gation de l'#edf en rep√©rage au stade de Salvador o√π les Bleus affronteront la Suisse le 20 juin. http:/‚Ä¶
#EDF : les stats du week-end de nos Bleues, c'est par ici ! http://t.co/MWiyj0zuvc
RT @ExcelinEd: ‚ÄúWe just have to stop this nonsense and teach them to read" says @OHEducation Supt Richard Ross http://t.co/HNSN1zIkcS  #EdF‚Ä¶
via @kikukoloko Football¬†-¬†Ballon d'Or¬†-¬†Rib√©ry met fin √† la disette bleue http://t.co/JmKsjfEcHI #EDF #France
Voici le programme des fran√ßaises pour ce tour pr√©liminaire du mondial 2013 cc @FemmesDeSport #edf http://t.co/JxEkE7dyPj
RT @equipedefrance: Joyeux anniversaire √† l'ancien lat√©ral gauche de l'#EDF @BixeLizarazu (97 s√©lections en A) qui f√™te ses 44 ans ! http:/‚Ä¶
Centrale de Cruas-Meysse : remplacement des g√©n√©rateurs de vapeur http://t.co/3zRg3u3Jbq via @fil_energie #EDF #ardeche
DEMOCRATIC JUSTICE IS DEAD:We now live under Corporate Law: Profit B4 Life.  http://t.co/pE1BFu9OcC  #britishtelecom,#bt_uk,#centrica,#edf
¬´ La France est pr√™te ¬ª pour construire 2 EPR de plus √† Taishan http://t.co/moPPMBALHB via @fil_energie #EDF #chine
#EDF et le Secours Catholique renouvellent leur partenariat http://t.co/vQsLuwaHkE via @fil_energie #solidarite #social
RT @equipedefrance: Joyeux anniversaire √† l'ancien lat√©ral gauche de l'#EDF @BixeLizarazu (97 s√©lections en A) qui f√™te ses 44 ans ! http:/‚Ä¶
RT @ValentinLucas9: üôÄ #edf http://t.co/5lhybYwFTs
RT @equipedefrance: Joyeux anniversaire √† l'ancien lat√©ral gauche de l'#EDF @BixeLizarazu (97 s√©lections en A) qui f√™te ses 44 ans ! http:/‚Ä¶
RT @equipedefrance: Joyeux anniversaire √† l'ancien lat√©ral gauche de l'#EDF @BixeLizarazu (97 s√©lections en A) qui f√™te ses 44 ans ! http:/‚Ä¶
RT @equipedefrance: Joyeux anniversaire √† l'ancien lat√©ral gauche de l'#EDF @BixeLizarazu (97 s√©lections en A) qui f√™te ses 44 ans ! http:/‚Ä¶
RT @equipedefrance: Joyeux anniversaire √† l'ancien lat√©ral gauche de l'#EDF @BixeLizarazu (97 s√©lections en A) qui f√™te ses 44 ans ! http:/‚Ä¶
RT @equipedefrance: Joyeux anniversaire √† l'ancien lat√©ral gauche de l'#EDF @BixeLizarazu (97 s√©lections en A) qui f√™te ses 44 ans ! http:/‚Ä¶
Earth Defense Force 2025 "Fencer" Trailer http://t.co/3CvuijPUPz #EarthDefenseForce2025 #EDF
RT @equipedefrance: Joyeux anniversaire √† l'ancien lat√©ral gauche de l'#EDF @BixeLizarazu (97 s√©lections en A) qui f√™te ses 44 ans ! http:/‚Ä¶
RT @equipedefrance: Joyeux anniversaire √† l'ancien lat√©ral gauche de l'#EDF @BixeLizarazu (97 s√©lections en A) qui f√™te ses 44 ans ! http:/‚Ä¶
RT @equipedefrance: Joyeux anniversaire √† l'ancien lat√©ral gauche de l'#EDF @BixeLizarazu (97 s√©lections en A) qui f√™te ses 44 ans ! http:/‚Ä¶
RT @equipedefrance: Joyeux anniversaire √† l'ancien lat√©ral gauche de l'#EDF @BixeLizarazu (97 s√©lections en A) qui f√™te ses 44 ans ! http:/‚Ä¶
RT @equipedefrance: Joyeux anniversaire √† l'ancien lat√©ral gauche de l'#EDF @BixeLizarazu (97 s√©lections en A) qui f√™te ses 44 ans ! http:/‚Ä¶
RT @equipedefrance: Joyeux anniversaire √† l'ancien lat√©ral gauche de l'#EDF @BixeLizarazu (97 s√©lections en A) qui f√™te ses 44 ans ! http:/‚Ä¶
[VIDEO] - "Bleus : est-ce vraiment un si bon tirage ?" On en parle ce lundi dans Yahoo Foot http://t.co/C6FW4KM0TL #EDF
RT @edf_maginot: "Of course, we have some hurdles to overcome." -- Vincent de Rivaz #EDF CEO  @MarrShow @BBCNews | http://t.co/Btw6LdODAX #‚Ä¶
RT @equipedefrance: Joyeux anniversaire √† l'ancien lat√©ral gauche de l'#EDF @BixeLizarazu (97 s√©lections en A) qui f√™te ses 44 ans ! http:/‚Ä¶
RT @ValentinLucas9: üôÄ #edf http://t.co/5lhybYwFTs
RT @equipedefrance: Joyeux anniversaire √† l'ancien lat√©ral gauche de l'#EDF @BixeLizarazu (97 s√©lections en A) qui f√™te ses 44 ans ! http:/‚Ä¶
RT @equipedefrance: Joyeux anniversaire √† l'ancien lat√©ral gauche de l'#EDF @BixeLizarazu (97 s√©lections en A) qui f√™te ses 44 ans ! http:/‚Ä¶
RT @vnthonoir: Arr√™tez de mettre des #stagiaires aux commandes de vos #r√©seaux sociaux ! MERCI / #CM #beauf #edf #swag @EDFofficiel http://‚Ä¶
RT @equipedefrance: Joyeux anniversaire √† l'ancien lat√©ral gauche de l'#EDF @BixeLizarazu (97 s√©lections en A) qui f√™te ses 44 ans ! http:/‚Ä¶
RT @GiacomoPerez: Petite pens√©e pour mon malletons!! @gregory_mallet #equipements #EDF #mallet http://t.co/s2SYXEKV0H
RT @equipedefrance: Joyeux anniversaire √† l'ancien lat√©ral gauche de l'#EDF @BixeLizarazu (97 s√©lections en A) qui f√™te ses 44 ans ! http:/‚Ä¶
Arr√™tez de mettre des #stagiaires aux commandes de vos #r√©seaux sociaux ! MERCI / #CM #beauf #edf #swag @EDFofficiel http://t.co/PlKkfaZ0TS
RT @equipedefrance: Joyeux anniversaire √† l'ancien lat√©ral gauche de l'#EDF @BixeLizarazu (97 s√©lections en A) qui f√™te ses 44 ans ! http:/‚Ä¶
RT @equipedefrance: Joyeux anniversaire √† l'ancien lat√©ral gauche de l'#EDF @BixeLizarazu (97 s√©lections en A) qui f√™te ses 44 ans ! http:/‚Ä¶
RT @edf_maginot: "Of course, we have some hurdles to overcome." -- Vincent de Rivaz #EDF CEO  @MarrShow @BBCNews | http://t.co/Btw6LdODAX #‚Ä¶
RT @equipedefrance: Joyeux anniversaire √† l'ancien lat√©ral gauche de l'#EDF @BixeLizarazu (97 s√©lections en A) qui f√™te ses 44 ans ! http:/‚Ä¶
RT @equipedefrance: Joyeux anniversaire √† l'ancien lat√©ral gauche de l'#EDF @BixeLizarazu (97 s√©lections en A) qui f√™te ses 44 ans ! http:/‚Ä¶
RT @equipedefrance: Joyeux anniversaire √† l'ancien lat√©ral gauche de l'#EDF @BixeLizarazu (97 s√©lections en A) qui f√™te ses 44 ans ! http:/‚Ä¶
RT @equipedefrance: Joyeux anniversaire √† l'ancien lat√©ral gauche de l'#EDF @BixeLizarazu (97 s√©lections en A) qui f√™te ses 44 ans ! http:/‚Ä¶
RT @equipedefrance: Joyeux anniversaire √† l'ancien lat√©ral gauche de l'#EDF @BixeLizarazu (97 s√©lections en A) qui f√™te ses 44 ans ! http:/‚Ä¶
RT @equipedefrance: Joyeux anniversaire √† l'ancien lat√©ral gauche de l'#EDF @BixeLizarazu (97 s√©lections en A) qui f√™te ses 44 ans ! http:/‚Ä¶
Pandora's Promise doesn't live up to the hype ‚Äì film review  @guardian @alicebell | http://t.co/t2JvRKasuR #nuclear #Hinkley #EDF #StateAid
RT @equipedefrance: Joyeux anniversaire √† l'ancien lat√©ral gauche de l'#EDF @BixeLizarazu (97 s√©lections en A) qui f√™te ses 44 ans ! http:/‚Ä¶
"Of course, we have some hurdles to overcome." -- Vincent de Rivaz #EDF CEO  @MarrShow @BBCNews | http://t.co/Btw6LdODAX #Hinkley #StateAid
Bon anniversaire to France legend @BixeLizarazu Here he is scoring a cracker in the 98 World Cup (39:00 in) http://t.co/3KxJnktIbE #EDF
RT @ValentinLucas9: üôÄ #edf http://t.co/5lhybYwFTs
RT @equipedefrance: Joyeux anniversaire √† l'ancien lat√©ral gauche de l'#EDF @BixeLizarazu (97 s√©lections en A) qui f√™te ses 44 ans ! http:/‚Ä¶
RT @equipedefrance: Joyeux anniversaire √† l'ancien lat√©ral gauche de l'#EDF @BixeLizarazu (97 s√©lections en A) qui f√™te ses 44 ans ! http:/‚Ä¶
RT @equipedefrance: Joyeux anniversaire √† l'ancien lat√©ral gauche de l'#EDF @BixeLizarazu (97 s√©lections en A) qui f√™te ses 44 ans ! http:/‚Ä¶
RT @equipedefrance: Joyeux anniversaire √† l'ancien lat√©ral gauche de l'#EDF @BixeLizarazu (97 s√©lections en A) qui f√™te ses 44 ans ! http:/‚Ä¶
RT @equipedefrance: Joyeux anniversaire √† l'ancien lat√©ral gauche de l'#EDF @BixeLizarazu (97 s√©lections en A) qui f√™te ses 44 ans ! http:/‚Ä¶
RT @equipedefrance: Joyeux anniversaire √† l'ancien lat√©ral gauche de l'#EDF @BixeLizarazu (97 s√©lections en A) qui f√™te ses 44 ans ! http:/‚Ä¶
RT @equipedefrance: Joyeux anniversaire √† l'ancien lat√©ral gauche de l'#EDF @BixeLizarazu (97 s√©lections en A) qui f√™te ses 44 ans ! http:/‚Ä¶
A partir d'aujourd'hui et jusqu'au 13/12, #EDF organise une grande collecte pour les @restosducoeur http://t.co/4FK3KF9gKu #Solidarit√©
RT @equipedefrance: Joyeux anniversaire √† l'ancien lat√©ral gauche de l'#EDF @BixeLizarazu (97 s√©lections en A) qui f√™te ses 44 ans ! http:/‚Ä¶
RT @equipedefrance: Joyeux anniversaire √† l'ancien lat√©ral gauche de l'#EDF @BixeLizarazu (97 s√©lections en A) qui f√™te ses 44 ans ! http:/‚Ä¶
RT @equipedefrance: Joyeux anniversaire √† l'ancien lat√©ral gauche de l'#EDF @BixeLizarazu (97 s√©lections en A) qui f√™te ses 44 ans ! http:/‚Ä¶
RT @equipedefrance: Joyeux anniversaire √† l'ancien lat√©ral gauche de l'#EDF @BixeLizarazu (97 s√©lections en A) qui f√™te ses 44 ans ! http:/‚Ä¶
RT @equipedefrance: Joyeux anniversaire √† l'ancien lat√©ral gauche de l'#EDF @BixeLizarazu (97 s√©lections en A) qui f√™te ses 44 ans ! http:/‚Ä¶
RT @equipedefrance: Joyeux anniversaire √† l'ancien lat√©ral gauche de l'#EDF @BixeLizarazu (97 s√©lections en A) qui f√™te ses 44 ans ! http:/‚Ä¶
RT @equipedefrance: Joyeux anniversaire √† l'ancien lat√©ral gauche de l'#EDF @BixeLizarazu (97 s√©lections en A) qui f√™te ses 44 ans ! http:/‚Ä¶
RT @equipedefrance: Joyeux anniversaire √† l'ancien lat√©ral gauche de l'#EDF @BixeLizarazu (97 s√©lections en A) qui f√™te ses 44 ans ! http:/‚Ä¶
RT @equipedefrance: Joyeux anniversaire √† l'ancien lat√©ral gauche de l'#EDF @BixeLizarazu (97 s√©lections en A) qui f√™te ses 44 ans ! http:/‚Ä¶
RT @equipedefrance: Joyeux anniversaire √† l'ancien lat√©ral gauche de l'#EDF @BixeLizarazu (97 s√©lections en A) qui f√™te ses 44 ans ! http:/‚Ä¶
RT @equipedefrance: Joyeux anniversaire √† l'ancien lat√©ral gauche de l'#EDF @BixeLizarazu (97 s√©lections en A) qui f√™te ses 44 ans ! http:/‚Ä¶
RT @equipedefrance: Joyeux anniversaire √† l'ancien lat√©ral gauche de l'#EDF @BixeLizarazu (97 s√©lections en A) qui f√™te ses 44 ans ! http:/‚Ä¶
RT @equipedefrance: Joyeux anniversaire √† l'ancien lat√©ral gauche de l'#EDF @BixeLizarazu (97 s√©lections en A) qui f√™te ses 44 ans ! http:/‚Ä¶
RT @equipedefrance: Joyeux anniversaire √† l'ancien lat√©ral gauche de l'#EDF @BixeLizarazu (97 s√©lections en A) qui f√™te ses 44 ans ! http:/‚Ä¶
RT @equipedefrance: Joyeux anniversaire √† l'ancien lat√©ral gauche de l'#EDF @BixeLizarazu (97 s√©lections en A) qui f√™te ses 44 ans ! http:/‚Ä¶
RT @equipedefrance: Joyeux anniversaire √† l'ancien lat√©ral gauche de l'#EDF @BixeLizarazu (97 s√©lections en A) qui f√™te ses 44 ans ! http:/‚Ä¶
RT @equipedefrance: Joyeux anniversaire √† l'ancien lat√©ral gauche de l'#EDF @BixeLizarazu (97 s√©lections en A) qui f√™te ses 44 ans ! http:/‚Ä¶
Well I obtained these from the first day of work experience #EDF http://t.co/BrTKCk8vnG
RT @equipedefrance: Joyeux anniversaire √† l'ancien lat√©ral gauche de l'#EDF @BixeLizarazu (97 s√©lections en A) qui f√™te ses 44 ans ! http:/‚Ä¶
RT @equipedefrance: Joyeux anniversaire √† l'ancien lat√©ral gauche de l'#EDF @BixeLizarazu (97 s√©lections en A) qui f√™te ses 44 ans ! http:/‚Ä¶
RT @equipedefrance: Joyeux anniversaire √† l'ancien lat√©ral gauche de l'#EDF @BixeLizarazu (97 s√©lections en A) qui f√™te ses 44 ans ! http:/‚Ä¶
RT @equipedefrance: Joyeux anniversaire √† l'ancien lat√©ral gauche de l'#EDF @BixeLizarazu (97 s√©lections en A) qui f√™te ses 44 ans ! http:/‚Ä¶
#Football : #Rib√©ry est assur√© de finir sur le podium du ballon d'or. http://t.co/sBEvLzu7x0 #EdF
RT @equipedefrance: Joyeux anniversaire √† l'ancien lat√©ral gauche de l'#EDF @BixeLizarazu (97 s√©lections en A) qui f√™te ses 44 ans ! http:/‚Ä¶
RT @equipedefrance: Joyeux anniversaire √† l'ancien lat√©ral gauche de l'#EDF @BixeLizarazu (97 s√©lections en A) qui f√™te ses 44 ans ! http:/‚Ä¶
RT @equipedefrance: Joyeux anniversaire √† l'ancien lat√©ral gauche de l'#EDF @BixeLizarazu (97 s√©lections en A) qui f√™te ses 44 ans ! http:/‚Ä¶
RT @equipedefrance: Joyeux anniversaire √† l'ancien lat√©ral gauche de l'#EDF @BixeLizarazu (97 s√©lections en A) qui f√™te ses 44 ans ! http:/‚Ä¶
RT @equipedefrance: Joyeux anniversaire √† l'ancien lat√©ral gauche de l'#EDF @BixeLizarazu (97 s√©lections en A) qui f√™te ses 44 ans ! http:/‚Ä¶
RT @equipedefrance: Joyeux anniversaire √† l'ancien lat√©ral gauche de l'#EDF @BixeLizarazu (97 s√©lections en A) qui f√™te ses 44 ans ! http:/‚Ä¶
RT @equipedefrance: Joyeux anniversaire √† l'ancien lat√©ral gauche de l'#EDF @BixeLizarazu (97 s√©lections en A) qui f√™te ses 44 ans ! http:/‚Ä¶
Coupe du Monde 2014 au #Br√©sil: d√©couvrez les villes o√π jouera la France ! http://t.co/tMYWjGRoFh #CDM2014 #EDF http://t.co/bMOQ3BMhAj
RT @equipedefrance: Joyeux anniversaire √† l'ancien lat√©ral gauche de l'#EDF @BixeLizarazu (97 s√©lections en A) qui f√™te ses 44 ans ! http:/‚Ä¶
RT @equipedefrance: Joyeux anniversaire √† l'ancien lat√©ral gauche de l'#EDF @BixeLizarazu (97 s√©lections en A) qui f√™te ses 44 ans ! http:/‚Ä¶
RT @equipedefrance: Joyeux anniversaire √† l'ancien lat√©ral gauche de l'#EDF @BixeLizarazu (97 s√©lections en A) qui f√™te ses 44 ans ! http:/‚Ä¶
RT @equipedefrance: Joyeux anniversaire √† l'ancien lat√©ral gauche de l'#EDF @BixeLizarazu (97 s√©lections en A) qui f√™te ses 44 ans ! http:/‚Ä¶
RT @equipedefrance: Joyeux anniversaire √† l'ancien lat√©ral gauche de l'#EDF @BixeLizarazu (97 s√©lections en A) qui f√™te ses 44 ans ! http:/‚Ä¶
RT @equipedefrance: Joyeux anniversaire √† l'ancien lat√©ral gauche de l'#EDF @BixeLizarazu (97 s√©lections en A) qui f√™te ses 44 ans ! http:/‚Ä¶
RT @equipedefrance: Joyeux anniversaire √† l'ancien lat√©ral gauche de l'#EDF @BixeLizarazu (97 s√©lections en A) qui f√™te ses 44 ans ! http:/‚Ä¶
RT @equipedefrance: Joyeux anniversaire √† l'ancien lat√©ral gauche de l'#EDF @BixeLizarazu (97 s√©lections en A) qui f√™te ses 44 ans ! http:/‚Ä¶
RT @equipedefrance: Joyeux anniversaire √† l'ancien lat√©ral gauche de l'#EDF @BixeLizarazu (97 s√©lections en A) qui f√™te ses 44 ans ! http:/‚Ä¶
RT @equipedefrance: Joyeux anniversaire √† l'ancien lat√©ral gauche de l'#EDF @BixeLizarazu (97 s√©lections en A) qui f√™te ses 44 ans ! http:/‚Ä¶
RT @equipedefrance: Joyeux anniversaire √† l'ancien lat√©ral gauche de l'#EDF @BixeLizarazu (97 s√©lections en A) qui f√™te ses 44 ans ! http:/‚Ä¶
RT @equipedefrance: Joyeux anniversaire √† l'ancien lat√©ral gauche de l'#EDF @BixeLizarazu (97 s√©lections en A) qui f√™te ses 44 ans ! http:/‚Ä¶
Joyeux anniversaire √† l'ancien lat√©ral gauche de l'#EDF @BixeLizarazu (97 s√©lections en A) qui f√™te ses 44 ans ! http://t.co/343XMtrWOW
RT @clemgrenier: Nous sommes bien arriv√©s a Kiev! #EDF #UKRFRA J-1 http://t.co/zTvk5sfBF4
Plong√©e dans la centrale la plus dangereuse de France  http://t.co/o24lMkHL4A #nucl√©aire #EDF
Even @GeorgeMonbiot is opposed to Government‚Äôs plans to build two new #nuclear #reactors at #Hinkley http://t.co/ACTQEqvT3Y #Monbiot #EDF
Mon pronostic pour la Coupe du monde 2014  http://t.co/Y2B779GPi9 via @lequipe #Prono #CDM2014 #AllezLesBleus #EDF
‚Äú@ValentinLucas9: üôÄ #edf http://t.co/xnS8uRj6YZ‚Äùhahaha mdr
#edf ahah et oui ! We will win http://t.co/pv7zGqR06U
RT @equipedefrance: D√©couvrez le stade de Porto Alegre ou l'#EDF jouera son 1er match de la #CM2014 contre le Honduras le 15 juin ! http://‚Ä¶
RT @ADMDFRANCE: Participation de l'@admd90 √† une r√©union organis√©e par le r√©seau solidaire #EDF #GDF #ADMD http://t.co/qAGktdQuTe http://t.‚Ä¶
RT @ADMDFRANCE: Participation de l'@admd90 √† une r√©union organis√©e par le r√©seau solidaire #EDF #GDF #ADMD http://t.co/qAGktdQuTe http://t.‚Ä¶
J'en ai profit√© pour me refaire des vid√©os de Ti'Franck, qui a bien grandi, et celle-ci est au top http://t.co/NT3yo6Mezn #footfran√ßais #edf
RT @PhilippeTreguer: La France ¬´pr√™te √† construire¬ª deux nouvelles tranches #EPR en Chine http://t.co/anVTFVcCoc #nucl√©aire #AREVA #EDF
Le livre Blanc sur la suret√© des installations nucl√©aire fait pas des lobbys Pro-Nucl√©aire http://t.co/IBkH0vo9Pj #Areva #EDF
#CM2014 La d√©l√©gation de l'#edf  en visite avec la FIFA au Maracana √† Rio. Stade du match Equateur-France le 25 juin. http://t.co/Y4hToXAHyf
RT @Ines_MartinezC: #Me #alisia #rocio #friends #guapis #cole #edf #futbol  #love #instagram #instacute http://t.co/i8XoDUUJiD
Le Honduras et l'Equateur suscitent plus d‚Äôengouement que la Suisse si on en croit la billetterie de la #CM2014. #EDF http://t.co/TrAKyEd6Vq
Participation de l'@admd90 √† une r√©union organis√©e par le r√©seau solidaire #EDF #GDF #ADMD http://t.co/qAGktdQuTe http://t.co/WGAAdqKwAK
Juninho : ¬´¬†Ces images vont rester grav√©es¬†¬ª 09/12 http://t.co/wnKQCzYSdz #edf
Juninho : ¬´¬†Ces images vont rester grav√©es¬†¬ª 09/12 http://t.co/9z6X97Vuqc #edf
mobilit√© #√©lectrique La France a un devoir : celui d'√™tre 1 leader mondial #EDF #ZOE #COP21 #mutation #peakoil http://t.co/1LNUCAcJOq
RT @Alertefoot: Et voici #MissFrance2014 ! &gt; &gt;&gt; Franck #Ribery #EDF @InsoliteFoot http://t.co/d39r7P2gbt
RT @Ines_MartinezC: #Me #alisia #rocio #friends #guapis #cole #edf #futbol  #love #instagram #instacute http://t.co/i8XoDUUJiD
RT @equipedefrance: Les 3 adversaires des #Bleus pour le 1er tour de la #CM2014 pass√©s √† la loupe : http://t.co/1PN2uo3n5K #EDF http://t.co‚Ä¶
#Belgrade2013 Alexandre SADDEDINE, Mehdi BELHADJ, Hamza HABJAOUI en or avec l'#edf http://t.co/d2oqkPj4db
RT @JAllardon: M√™me au Japon le foot reste intensif! Quand personne ne veut perdre c'est chauuuuud!!!! #foot #Japon #EDF http://t.co/0ZJFG4‚Ä¶
RT @JAllardon: M√™me au Japon le foot reste intensif! Quand personne ne veut perdre c'est chauuuuud!!!! #foot #Japon #EDF http://t.co/0ZJFG4‚Ä¶
RT @Alertefoot: Avant l'√©quipe de France c'√©tait √ßa !  Un maximum de RT  #EDF #Zidane #Ribery #BallonDor @Footballogue @ActuFoot_ http://t.‚Ä¶
"@GFN_France: The World Cup ball is unveiled. All hail the 'Brazuca' #EDF #WC2014 #France http://t.co/YFpq94xWpU"  15ans ..#allerlesbleus
RT @equipedefrance: Les 3 adversaires des #Bleus pour le 1er tour de la #CM2014 pass√©s √† la loupe : http://t.co/1PN2uo3n5K #EDF http://t.co‚Ä¶
RT @ASN: #EDF #Bugey l'#ASN ouvre une consultation du public sur les modalit√©s de rejets et de pr√©l√®vements d'eau (9-23/12) -&gt; http://t.co/‚Ä¶
RT @ASN: #EDF #Bugey l'#ASN ouvre une consultation du public sur les modalit√©s de rejets et de pr√©l√®vements d'eau (9-23/12) -&gt; http://t.co/‚Ä¶
RT @equipedefrance: Les 3 adversaires des #Bleus pour le 1er tour de la #CM2014 pass√©s √† la loupe : http://t.co/1PN2uo3n5K #EDF http://t.co‚Ä¶
Franck #Rib√©ry parmi les 3 finalistes pour le #BallondOr 2013. #RT si tu veux le voir obtenir ce troph√©e ! #EDF #FR7 http://t.co/LqGYnUfzpz
RT @JAllardon: M√™me au Japon le foot reste intensif! Quand personne ne veut perdre c'est chauuuuud!!!! #foot #Japon #EDF http://t.co/0ZJFG4‚Ä¶
#EDF voudrait ren√©gocier le temps de #travail de ses #salari√©s - Europe1.fr - Economie http://t.co/2Nj3gFFWko
RT @equipedefrance: Les 3 adversaires des #Bleus pour le 1er tour de la #CM2014 pass√©s √† la loupe : http://t.co/3fojsOsU27 #EDF
RT @equipedefrance: Les 3 adversaires des #Bleus pour le 1er tour de la #CM2014 pass√©s √† la loupe : http://t.co/1PN2uo3n5K #EDF http://t.co‚Ä¶
M√™me au Japon le foot reste intensif! Quand personne ne veut perdre c'est chauuuuud!!!! #foot #Japon #EDF http://t.co/0ZJFG4F2xf
#oliviergiroud #giroud #benjaminstambouli #stambouli #bromance #EDF #mafiaandalus http://t.co/9BgrLyDmIj
RT @equipedefrance: D√©couvrez le stade de Porto Alegre ou l'#EDF jouera son 1er match de la #CM2014 contre le Honduras le 15 juin ! http://‚Ä¶
RT @equipedefrance: Les 3 adversaires des #Bleus pour le 1er tour de la #CM2014 pass√©s √† la loupe : http://t.co/1PN2uo3n5K #EDF http://t.co‚Ä¶
RT @equipedefrance: D√©couvrez le stade de Porto Alegre ou l'#EDF jouera son 1er match de la #CM2014 contre le Honduras le 15 juin ! http://‚Ä¶
RT @equipedefrance: D√©couvrez le stade de Porto Alegre ou l'#EDF jouera son 1er match de la #CM2014 contre le Honduras le 15 juin ! http://‚Ä¶
#Me #alisia #rocio #friends #guapis #cole #edf #futbol  #love #instagram #instacute http://t.co/i8XoDUUJiD
RT @equipedefrance: Les 3 adversaires des #Bleus pour le 1er tour de la #CM2014 pass√©s √† la loupe : http://t.co/1PN2uo3n5K #EDF http://t.co‚Ä¶
#ArevaLand #EDF Sondage sur le Suicide Atomique Collectif  http://t.co/LvnUwwSE2i
RT @equipedefrance: Les 3 adversaires des #Bleus pour le 1er tour de la #CM2014 pass√©s √† la loupe : http://t.co/1PN2uo3n5K #EDF http://t.co‚Ä¶
RT @equipedefrance: Les 3 adversaires des #Bleus pour le 1er tour de la #CM2014 pass√©s √† la loupe : http://t.co/1PN2uo3n5K #EDF http://t.co‚Ä¶
RT @equipedefrance: Les 3 adversaires des #Bleus pour le 1er tour de la #CM2014 pass√©s √† la loupe : http://t.co/1PN2uo3n5K #EDF http://t.co‚Ä¶
RT @SportClown: Premi√®re √©tape dans le passage de t√©moin entre @Thierry_Omeyer et @Gerard_Vincent ? #handball @USDKDunkerque #edf http://t.‚Ä¶
RT @equipedefrance: Les 3 adversaires des #Bleus pour le 1er tour de la #CM2014 pass√©s √† la loupe : http://t.co/1PN2uo3n5K #EDF http://t.co‚Ä¶
French prime minister @jeanmarcayrault visits @edfehinkleyc cousin.  China People's Daily | http://t.co/OX6ozqshnA #Hinkley #EDF #DECC
RT @ActuFoot_: #Officiel: le nouveau maillot domicile #CM2014 de l'#EdF ! http://t.co/bVIa7lKzyo
#EDF meets suppliers for #Hinkley preparations   -  http://t.co/eTUt6SAeiG?
#EDF meets suppliers for #Hinkley preparations   -  http://t.co/a9Q94mjk1t?
#EDF meets suppliers for #Hinkley preparations   -  http://t.co/VNChl6ZwJs?
#EDF meets suppliers for #Hinkley preparations   -  http://t.co/NzsNwnwRIc?
#EDF meets suppliers for #Hinkley preparations   -  http://t.co/jrE25MWced?
R√©partition des gains pour la coupe du monde #FIFA 2014, joli pactole pour les gagnants ! #edf #rio2014 #coupedumonde http://t.co/Q6SCDi2Bfq
RT @equipedefrance: Les 3 adversaires des #Bleus pour le 1er tour de la #CM2014 pass√©s √† la loupe : http://t.co/1PN2uo3n5K #EDF http://t.co‚Ä¶
#Deejay #Syt #mix #fzbg #Burial #spot #edf #vybz #kartel http://t.co/A6T6HauO4B
RT @equipedefrance: D√©couvrez le stade de Porto Alegre ou l'#EDF jouera son 1er match de la #CM2014 contre le Honduras le 15 juin ! http://‚Ä¶
RT @equipedefrance: D√©couvrez le stade de Porto Alegre ou l'#EDF jouera son 1er match de la #CM2014 contre le Honduras le 15 juin ! http://‚Ä¶
RT @equipedefrance: Les 3 adversaires des #Bleus pour le 1er tour de la #CM2014 pass√©s √† la loupe : http://t.co/1PN2uo3n5K #EDF http://t.co‚Ä¶
#EDF #Bugey l'#ASN ouvre une consultation du public sur les modalit√©s de rejets et de pr√©l√®vements d'eau (9-23/12) -&gt; http://t.co/W8ZtSAbjqT
RT @FzBg_SYT: #mix #Dancehall #Wine #And #Kotch #charly #capri #edf #riddim #fzbg http://t.co/wZCRAaf59W
RT @equipedefrance: Les 3 adversaires des #Bleus pour le 1er tour de la #CM2014 pass√©s √† la loupe : http://t.co/1PN2uo3n5K #EDF http://t.co‚Ä¶
RT @equipedefrance: Les 3 adversaires des #Bleus pour le 1er tour de la #CM2014 pass√©s √† la loupe : http://t.co/1PN2uo3n5K #EDF http://t.co‚Ä¶
#mix #Dancehall #Wine #And #Kotch #charly #capri #edf #riddim #fzbg http://t.co/wZCRAaf59W
RT @equipedefrance: Les 3 adversaires des #Bleus pour le 1er tour de la #CM2014 pass√©s √† la loupe : http://t.co/1PN2uo3n5K #EDF http://t.co‚Ä¶
RT @ASN: #EDF #Bugey l'#ASN ouvre une consultation du public sur les modalit√©s de rejets et de pr√©l√®vements d'eau (9-23/12) -&gt; http://t.co/‚Ä¶
Les 3 adversaires des #Bleus pour le 1er tour de la #CM2014 pass√©s √† la loupe : http://t.co/1PN2uo3n5K #EDF http://t.co/SGf7RPEvaI
Sa commence √† sentir no√´l dans le coin #EDF http://t.co/jHtzQEFWC3
RT @ASN: #EDF #Bugey l'#ASN ouvre une consultation du public sur les modalit√©s de rejets et de pr√©l√®vements d'eau (9-23/12) -&gt; http://t.co/‚Ä¶
#EDF #Bugey l'#ASN ouvre une consultation du public sur les modalit√©s de rejets et de pr√©l√®vements d'eau (9-23/12) -&gt; http://t.co/jh4MOSZL9j
RT @equipedefrance: D√©couvrez le stade de Porto Alegre ou l'#EDF jouera son 1er match de la #CM2014 contre le Honduras le 15 juin ! http://‚Ä¶
RT @equipedefrance: D√©couvrez le stade de Porto Alegre ou l'#EDF jouera son 1er match de la #CM2014 contre le Honduras le 15 juin ! http://‚Ä¶
RT @SportClown: Premi√®re √©tape dans le passage de t√©moin entre @Thierry_Omeyer et @Gerard_Vincent ? #handball @USDKDunkerque #edf http://t.‚Ä¶
RT @SportClown: Premi√®re √©tape dans le passage de t√©moin entre @Thierry_Omeyer et @Gerard_Vincent ? #handball @USDKDunkerque #edf http://t.‚Ä¶
RT @SportClown: Premi√®re √©tape dans le passage de t√©moin entre @Thierry_Omeyer et @Gerard_Vincent ? #handball @USDKDunkerque #edf http://t.‚Ä¶
RT @SportClown: Premi√®re √©tape dans le passage de t√©moin entre @Thierry_Omeyer et @Gerard_Vincent ? #handball @USDKDunkerque #edf http://t.‚Ä¶
RT @SportClown: Premi√®re √©tape dans le passage de t√©moin entre @Thierry_Omeyer et @Gerard_Vincent ? #handball @USDKDunkerque #edf http://t.‚Ä¶
Premi√®re √©tape dans le passage de t√©moin entre @Thierry_Omeyer et @Gerard_Vincent ? #handball @USDKDunkerque #edf http://t.co/A3MEpZN870
RT @equipedefrance: D√©couvrez le stade de Porto Alegre ou l'#EDF jouera son 1er match de la #CM2014 contre le Honduras le 15 juin ! http://‚Ä¶
La #CSPE (#EnR) retouch√©e dans le #budget rectificatif 2013 pour rembourser l'ardoise du #gouvernement aupr√®s d'#EDF http://t.co/LKVriN6bxE
RT @equipedefrance: D√©couvrez le stade de Porto Alegre ou l'#EDF jouera son 1er match de la #CM2014 contre le Honduras le 15 juin ! http://‚Ä¶
RT @GiacomoPerez: Petite pens√©e pour mon malletons!! @gregory_mallet #equipements #EDF #mallet http://t.co/s2SYXEKV0H
Vous avez loup√© l'interview de Camille Abily pour #CDP? Session rattrapage ici http://t.co/rsYXeuqEsG #OL #EDF #ITW
RT @equipedefrance: D√©couvrez le stade de Porto Alegre ou l'#EDF jouera son 1er match de la #CM2014 contre le Honduras le 15 juin ! http://‚Ä¶
RT @equipedefrance: D√©couvrez le stade de Porto Alegre ou l'#EDF jouera son 1er match de la #CM2014 contre le Honduras le 15 juin ! http://‚Ä¶
RT @equipedefrance: D√©couvrez le stade de Porto Alegre ou l'#EDF jouera son 1er match de la #CM2014 contre le Honduras le 15 juin ! http://‚Ä¶
D√©couvrez l'#Equateur, adversaire de l'#EDF √† la #CM2014: rien de tel qu'un #polar pour conna√Ætre un pays! http://t.co/stEQVLinqA
RT @equipedefrance: D√©couvrez le stade de Porto Alegre ou l'#EDF jouera son 1er match de la #CM2014 contre le Honduras le 15 juin ! http://‚Ä¶
RT @equipedefrance: D√©couvrez le stade de Porto Alegre ou l'#EDF jouera son 1er match de la #CM2014 contre le Honduras le 15 juin ! http://‚Ä¶
RT @equipedefrance: D√©couvrez le stade de Porto Alegre ou l'#EDF jouera son 1er match de la #CM2014 contre le Honduras le 15 juin ! http://‚Ä¶
RT @equipedefrance: D√©couvrez le stade de Porto Alegre ou l'#EDF jouera son 1er match de la #CM2014 contre le Honduras le 15 juin ! http://‚Ä¶
RT @equipedefrance: D√©couvrez le stade de Porto Alegre ou l'#EDF jouera son 1er match de la #CM2014 contre le Honduras le 15 juin ! http://‚Ä¶
RT @equipedefrance: D√©couvrez le stade de Porto Alegre ou l'#EDF jouera son 1er match de la #CM2014 contre le Honduras le 15 juin ! http://‚Ä¶
RT @equipedefrance: D√©couvrez le stade de Porto Alegre ou l'#EDF jouera son 1er match de la #CM2014 contre le Honduras le 15 juin ! http://‚Ä¶
RT @equipedefrance: D√©couvrez le stade de Porto Alegre ou l'#EDF jouera son 1er match de la #CM2014 contre le Honduras le 15 juin ! http://‚Ä¶
RT @equipedefrance: D√©couvrez le stade de Porto Alegre ou l'#EDF jouera son 1er match de la #CM2014 contre le Honduras le 15 juin ! http://‚Ä¶
RT @equipedefrance: D√©couvrez le stade de Porto Alegre ou l'#EDF jouera son 1er match de la #CM2014 contre le Honduras le 15 juin ! http://‚Ä¶
RT @equipedefrance: D√©couvrez le stade de Porto Alegre ou l'#EDF jouera son 1er match de la #CM2014 contre le Honduras le 15 juin ! http://‚Ä¶
RT @equipedefrance: D√©couvrez le stade de Porto Alegre ou l'#EDF jouera son 1er match de la #CM2014 contre le Honduras le 15 juin ! http://‚Ä¶
RT @equipedefrance: D√©couvrez le stade de Porto Alegre ou l'#EDF jouera son 1er match de la #CM2014 contre le Honduras le 15 juin ! http://‚Ä¶
RT @equipedefrance: D√©couvrez le stade de Porto Alegre ou l'#EDF jouera son 1er match de la #CM2014 contre le Honduras le 15 juin ! http://‚Ä¶
D√©couvrez le stade de Porto Alegre ou l'#EDF jouera son 1er match de la #CM2014 contre le Honduras le 15 juin ! http://t.co/DuJfgU5hsc
http://t.co/fvE2tiBeLf L'excellent @LucarneOpposee te pr√©sente l'Equateur et l'Honduras, adversaires des Bleus. Complet #Bleus #CDM2014 #EDF
Ligue 1 / Monaco s‚Äôimpose sur le fil contre Ajaccio ‚Äì 08/12 http://t.co/hnANQRrVXG #edf
Ligue 1 / Monaco s‚Äôimpose sur le fil contre Ajaccio ‚Äì 08/12 http://t.co/DeCFdepW1v #edf
Si tu √©tais absent ce week-end, tu peux toujours lire la pr√©sentation de l'Equateur et du Honduras  http://t.co/aIFqlYdfiL #edf #CDM2014
RT @LionelDelbos: #paysdelaloire Eolien offshore : #EDF EN installera un hub sur le port de Saint-Nazaire http://t.co/AhwCZZdW8m via @lalet‚Ä¶
RT @PhilippeTreguer: Navires de pose d‚Äô #√©oliennes : #EDF prendra sa d√©cision en 2015 http://t.co/BHnxNidStE
Fury over black-lister Amec‚Äôs role in ¬£16bn twin nuclear plants  @Independent | http://t.co/Hs4XICTg1o @AMECworldwide @MLeftly #Hinkley #EDF
Navires de pose d‚Äô #√©oliennes : #EDF prendra sa d√©cision en 2015 http://t.co/BHnxNidStE
#Suffolkchamber at #EDF Building Our Industrial Future conference promoting #Suffolk #SMEs to #Tier 1 Contractors http://t.co/W773YWHkMm
#paysdelaloire Eolien offshore : #EDF EN installera un hub sur le port de Saint-Nazaire http://t.co/AhwCZZdW8m via @lalettreapi
EDF lance Pulse, une plateforme de contenu d√©di√©e √† l'innovation, new tech et aux enjeux de demain http://t.co/2KZH6vJhX8 #BrandContent #EDF
#paysdelaloire Eolien offshore : #STX France signe des accords avec #Alstom et #EDF EN http://t.co/VvC1BlSRP2 via @lalettreapi
RT @rozoycharles: #edf #teamEDF #sportEDF @sportEDF #team#natation #swimming#merci @ Piscine Olympique du Grand Dijon http://t.co/XZBQFr2Z1Z
„ÄêÂú∞ÁêÉÈò≤Ë°õËªç4„Äë„Ç¢„Éº„Éû„ÉºÁ®º„Åé „Ç¶„Ç§„É≥„Ç∞„ÉÄ„Ç§„Éê„Éº „Éü„ÉÉ„Ç∑„Éß„É≥15.Â§ßÂú∞Â¥©ËêΩÁ∑®: http://t.co/RfUBBKDiMA #Âú∞ÁêÉÈò≤Ë°õËªç4 #EDF #„Ç¢„Éº„Éû„ÉºÁ®º„Åé #„Ç¶„Ç§„É≥„Ç∞„ÉÄ„Ç§„Éê„Éº
#EDF #ChristmasParty 2013 #CrudeTeam #OpenBar http://t.co/qFyTBCWb2m
RT @FFF: Pour ne rien manquer de l'actualit√© des #EDF, suivez d√©sormais les #Bleus sur le compte @equipedefrance. #CM2014 http://t.co/KxrAO‚Ä¶
RT @Iepique: Patrice Evra : "Je vous souhaite une bonne journ√©e de la gentillesse" #EDF #UKRFRA http://t.co/JzVhkYr3o6
RT @Iepique: La Une de @lepique du Mardi 19 Novembre, sp√©ciale √©quipe de France. #FRAUKR #EDF #Rib√©ry http://t.co/IhmQaadDAy
RT @Iepique: Hatem #BenArfa dans #T√©l√©foot : "Mon pays c'est la Hollande, la France, c'est juste pour le sportif !" #EDF #NUFC http://t.co/‚Ä¶
