409724008335429632	RT @mon_1985SERGIO: Gracias @paulalaya q m a tenido informado en todo momento la mejor informadora posible #edf #somosuno http://t.co/jSXU1‚Ä¶
409717280738525184	La France favoris√©e pour le tirage au sort? Motta est d‚Äôaccord! http://t.co/Y2DJOtJKlB #edf
409717280335876096	La France favoris√©e pour le tirage au sort? Motta est d‚Äôaccord! http://t.co/JWsT50lQm4 #edf
409699594139086849	RT @equipedefrance: #CM2014 La d√©l√©gation de l'#edf en rep√©rage au stade de Salvador o√π les Bleus affronteront la Suisse le 20 juin. http:/‚Ä¶
409691778913411072	RT @mon_1985SERGIO: Gracias @paulalaya q m a tenido informado en todo momento la mejor informadora posible #edf #somosuno http://t.co/jSXU1‚Ä¶
409691456799264768	Gracias @paulalaya q m a tenido informado en todo momento la mejor informadora posible #edf #somosuno http://t.co/jSXU1zK8SB
409688322660134912	RT @LigueSphera: 'Pereza a la francesa' La opini√≥n de @Fran_Alameda: http://t.co/XygNm2uxTs. #EdF #Bleus.
409686797439229952	RT @mon_1985SERGIO: #grandesguerreras  #edf #somosuno http://t.co/o6MyKbxMDK
409685298759495681	#√©nergie Surfacturer l'√©clairage nocturne de bureaux, une mesure #mde pour Linky ? (#edf) http://t.co/1GAxndfVVY
409683391886675968	RT @mon_1985SERGIO: #grandesguerreras  #edf #somosuno http://t.co/o6MyKbxMDK
409683334709932032	RT @mon_1985SERGIO: #grandesguerreras  #edf #somosuno http://t.co/o6MyKbxMDK
409682567924051968	#grandesguerreras  #edf #somosuno http://t.co/o6MyKbxMDK
409682051911008256	T√©l√©foot : Les dessous d‚Äôun tirage au sort de r√™ve http://t.co/q0Al9ydPdq #edf
409682051420282880	T√©l√©foot : Les dessous d‚Äôun tirage au sort de r√™ve http://t.co/2gcW5XnBxD #edf
409676366238740481	RT @EDFofficiel: #telethon2013 Les dons d'#EDF et de ses salari√©s contribueront au financement d'essais th√©rapeutiques. + d'infos : http://‚Ä¶
409672809091444736	RT @Alertefoot: Et voici #MissFrance2014 ! &gt; &gt;&gt; Franck #Ribery #EDF @InsoliteFoot http://t.co/d39r7P2gbt
409671635135111168	RT @ultrasflo: #oliviergiroud #giroud #EDF #sexytime http://t.co/NPKQ21A2HR
409668292274421762	#oliviergiroud #giroud #EDF #sexytime http://t.co/NPKQ21A2HR
409666318908928004	Bleus ‚Äì Matuidi : ¬†¬ªEssayer de terminer 1er du groupe¬†¬ª http://t.co/aSfJQwxkKr #edf
409666317793247232	Bleus ‚Äì Matuidi : ¬†¬ªEssayer de terminer 1er du groupe¬†¬ª http://t.co/jFIYXlcGZl #edf
409663310695784449	Il fallait donc leur couper la t√™te pour qu'ils mettent leurs mains sur le c≈ìur #EDF http://t.co/FlDl6HFk4S
409662375617634304	RT @Dede_Deschamps: T√©l√©foot : Statistiques de l‚Äô√©quipe de France en Coupe du Monde http://t.co/MqJQiZD4zD #edf
409662310702018560	T√©l√©foot : Statistiques de l‚Äô√©quipe de France en Coupe du Monde http://t.co/TQdoNyDOHO #edf
409662229156331520	T√©l√©foot : Statistiques de l‚Äô√©quipe de France en Coupe du Monde http://t.co/MqJQiZD4zD #edf
409653082218569728	RT @debriefoot: R√©sum√© du tirage d'hier, et petit calendrier en bonus. Bonne soir√©e √† tous ! #RT #football #EDF #tirage http://t.co/ixOw2ZM‚Ä¶
409652694979477504	RT @debriefoot: R√©sum√© du tirage d'hier, et petit calendrier en bonus. Bonne soir√©e √† tous ! #RT #football #EDF #tirage http://t.co/ixOw2ZM‚Ä¶
409652395988496384	RT @debriefoot: R√©sum√© du tirage d'hier, et petit calendrier en bonus. Bonne soir√©e √† tous ! #RT #football #EDF #tirage http://t.co/ixOw2ZM‚Ä¶
409651445349507072	#foot #EdF et pendant ce temps, la Coupe du monde http://t.co/sLv1PzJCod
409650119743922176	RT @Lafrancycliste: Laurie Berthon 7eme omnium Aguascalientes #EDF #Endurance http://t.co/Q48BYqYN12
409648614567596032	RT @Fondation_EDF: #endirect les salari√©s d'#EDF sur le plateau du #telethon2013 merci √† vous tous ! http://t.co/B7BkjeL7nt
409640765145366528	#Mondial-2014 : 65 % des Fran√ßais voient les #Bleus passer le 1er tour #football #EDF http://t.co/b9btHFSTbX via @midilibre
409634313974861824	RT @Lafrancycliste: Virginie Cueff record de France 200 m√®tres lanc√©s, 5eme vitesse indiv Aguascalientes #EDF #Sprint http://t.co/hXf1jevB59
409633914387705856	Chute spectaculaire Micha√´l D'Almeida keirin Aguascalientes #EDF #Sprint http://t.co/IjMNxR2WTO
409633831659257856	RT @Lafrancycliste: Virginie Cueff record de France 200 m√®tres lanc√©s, 5eme vitesse indiv Aguascalientes #EDF #Sprint http://t.co/hXf1jevB59
409633697936445440	Laurie Berthon 7eme omnium Aguascalientes #EDF #Endurance http://t.co/Q48BYqYN12
409633215692165121	Virginie Cueff record de France 200 m√®tres lanc√©s, 5eme vitesse indiv Aguascalientes #EDF #Sprint http://t.co/hXf1jevB59
409633063627685888	On ne peut plus dire qu'on ne conna√Æt pas les adversaires des Bleus au mondial. #cdm2014 #edf cc @LucarneOpposee http://t.co/2s9ynrEDqb
409631748138754048	RT @Alertefoot: Et voici #MissFrance2014 ! &gt; &gt;&gt; Franck #Ribery #EDF @InsoliteFoot http://t.co/d39r7P2gbt
409631730195509248	RT @Alertefoot: Avant l'√©quipe de France c'√©tait √ßa !  Un maximum de RT  #EDF #Zidane #Ribery #BallonDor @Footballogue @ActuFoot_ http://t.‚Ä¶
409630895251808256	2013 UK energy review :-)  Oct: #DECC &amp; #EDF finally agree terms for #Hinkley  http://t.co/KdBJr4pt7J Thx @HK_London http://t.co/BXRM5mKiho
409628773257334784	RT @Alertefoot: Avant l'√©quipe de France c'√©tait √ßa !  Un maximum de RT  #EDF #Zidane #Ribery #BallonDor @Footballogue @ActuFoot_ http://t.‚Ä¶
409628456494702593	** UK energy review 2013 - animated **  OCTOBER: #DECC &amp; #EDF finally agree terms for #Hinkley Point  http://t.co/KdBJr4pt7J Thx @HK_London
409628421502033920	Que faire avec #edf ? Venez voir notre fiche #conseil ! http://t.co/IRxkkMqXwR #bourse #CAC40 #Paris
409626902803275776	RT @Alertefoot: Avant l'√©quipe de France c'√©tait √ßa !  Un maximum de RT  #EDF #Zidane #Ribery #BallonDor @Footballogue @ActuFoot_ http://t.‚Ä¶
409622835020455936	RT @Alertefoot: Avant l'√©quipe de France c'√©tait √ßa !  Un maximum de RT  #EDF #Zidane #Ribery #BallonDor @Footballogue @ActuFoot_ http://t.‚Ä¶
409622444308434944	Tableau complet pour la #coupedumonde2014 #EdF #tirage http://t.co/dmItRy24md
409621309409464321	RT @Alertefoot: Avant l'√©quipe de France c'√©tait √ßa !  Un maximum de RT  #EDF #Zidane #Ribery #BallonDor @Footballogue @ActuFoot_ http://t.‚Ä¶
409621197228613633	RT @Alertefoot: Avant l'√©quipe de France c'√©tait √ßa !  Un maximum de RT  #EDF #Zidane #Ribery #BallonDor @Footballogue @ActuFoot_ http://t.‚Ä¶
409620942525300736	RT @Alertefoot: Avant l'√©quipe de France c'√©tait √ßa !  Un maximum de RT  #EDF #Zidane #Ribery #BallonDor @Footballogue @ActuFoot_ http://t.‚Ä¶
409620645350486016	RT @Alertefoot: Avant l'√©quipe de France c'√©tait √ßa !  Un maximum de RT  #EDF #Zidane #Ribery #BallonDor @Footballogue @ActuFoot_ http://t.‚Ä¶
409620456871059456	RT @Alertefoot: Et voici #MissFrance2014 ! &gt; &gt;&gt; Franck #Ribery #EDF @InsoliteFoot http://t.co/d39r7P2gbt
409620421890564096	RT @Alertefoot: Avant l'√©quipe de France c'√©tait √ßa !  Un maximum de RT  #EDF #Zidane #Ribery #BallonDor @Footballogue @ActuFoot_ http://t.‚Ä¶
409619218364395520	RT @Alertefoot: Avant l'√©quipe de France c'√©tait √ßa !  Un maximum de RT  #EDF #Zidane #Ribery #BallonDor @Footballogue @ActuFoot_ http://t.‚Ä¶
409618915158151168	RT @Alertefoot: Avant l'√©quipe de France c'√©tait √ßa !  Un maximum de RT  #EDF #Zidane #Ribery #BallonDor @Footballogue @ActuFoot_ http://t.‚Ä¶
409617300741165056	RT @Diimsou: Bonjour mes twittos ! aujourd'hui  G√©orgie - France a 18h #EDF #Euro2013 #TeamOM http://t.co/6Vwb1ErOT7
409616207000530944	via @kikukoloko Football¬†-¬†Coupe du monde¬†-¬†Contrairement √† 2010, les Fran√ßais font confiance aux Bleus http://t.co/VaBDHTpQGw #EDF #France
409615838896214016	RT @Alertefoot: Avant l'√©quipe de France c'√©tait √ßa !  Un maximum de RT  #EDF #Zidane #Ribery #BallonDor @Footballogue @ActuFoot_ http://t.‚Ä¶
409615410238357504	RT @Alertefoot: Et voici #MissFrance2014 ! &gt; &gt;&gt; Franck #Ribery #EDF @InsoliteFoot http://t.co/d39r7P2gbt
409614907718782976	RT @Alertefoot: Avant l'√©quipe de France c'√©tait √ßa !  Un maximum de RT  #EDF #Zidane #Ribery #BallonDor @Footballogue @ActuFoot_ http://t.‚Ä¶
409614592353247232	RT @Alertefoot: Avant l'√©quipe de France c'√©tait √ßa !  Un maximum de RT  #EDF #Zidane #Ribery #BallonDor @Footballogue @ActuFoot_ http://t.‚Ä¶
409614499269058560	RT @Alertefoot: Avant l'√©quipe de France c'√©tait √ßa !  Un maximum de RT  #EDF #Zidane #Ribery #BallonDor @Footballogue @ActuFoot_ http://t.‚Ä¶
409613659842019328	RT @Alertefoot: Avant l'√©quipe de France c'√©tait √ßa !  Un maximum de RT  #EDF #Zidane #Ribery #BallonDor @Footballogue @ActuFoot_ http://t.‚Ä¶
409613601641881600	RT @Alertefoot: Et voici #MissFrance2014 ! &gt; &gt;&gt; Franck #Ribery #EDF @InsoliteFoot http://t.co/d39r7P2gbt
409613293418860544	Âú∞ÁêÉÈò≤Ë°õËªç4„Éó„É¨„Ç§Êó•Ë®ò: „ÄêÂãïÁîª„ÄëÂú∞ÁêÉÈò≤Ë°õËªç4 „Éü„Çµ„Ç§„É´„ÄÅ„Éõ„Éº„Éü„É≥„Ç∞ÂÖµÂô®„ÅÆ„É≠„ÉÉ„ÇØÊôÇÈñì„ÇíÁü≠Á∏Æ„Åô„ÇãÊñπÊ≥ï http://t.co/PCNQAjhowt #Âú∞ÁêÉÈò≤Ë°õËªç4 #EDF4 #Âú∞ÁêÉÈò≤Ë°õËªç #EDF
409613235508502528	RT @Alertefoot: Et voici #MissFrance2014 ! &gt; &gt;&gt; Franck #Ribery #EDF @InsoliteFoot http://t.co/d39r7P2gbt
409612499823394816	RT @Alertefoot: Avant l'√©quipe de France c'√©tait √ßa !  Un maximum de RT  #EDF #Zidane #Ribery #BallonDor @Footballogue @ActuFoot_ http://t.‚Ä¶
409612484128301056	RT @Alertefoot: Avant l'√©quipe de France c'√©tait √ßa !  Un maximum de RT  #EDF #Zidane #Ribery #BallonDor @Footballogue @ActuFoot_ http://t.‚Ä¶
409612476721164288	RT @Alertefoot: Avant l'√©quipe de France c'√©tait √ßa !  Un maximum de RT  #EDF #Zidane #Ribery #BallonDor @Footballogue @ActuFoot_ http://t.‚Ä¶
409612402339377153	RT @Alertefoot: Avant l'√©quipe de France c'√©tait √ßa !  Un maximum de RT  #EDF #Zidane #Ribery #BallonDor @Footballogue @ActuFoot_ http://t.‚Ä¶
409612130791723008	RT @Alertefoot: Avant l'√©quipe de France c'√©tait √ßa !  Un maximum de RT  #EDF #Zidane #Ribery #BallonDor @Footballogue @ActuFoot_ http://t.‚Ä¶
409611537369018368	RT @Alertefoot: Avant l'√©quipe de France c'√©tait √ßa !  Un maximum de RT  #EDF #Zidane #Ribery #BallonDor @Footballogue @ActuFoot_ http://t.‚Ä¶
409611253876006912	RT @Alertefoot: Avant l'√©quipe de France c'√©tait √ßa !  Un maximum de RT  #EDF #Zidane #Ribery #BallonDor @Footballogue @ActuFoot_ http://t.‚Ä¶
409611233588154368	RT @Alertefoot: Et voici #MissFrance2014 ! &gt; &gt;&gt; Franck #Ribery #EDF @InsoliteFoot http://t.co/d39r7P2gbt
409611164470239232	RT @Alertefoot: Avant l'√©quipe de France c'√©tait √ßa !  Un maximum de RT  #EDF #Zidane #Ribery #BallonDor @Footballogue @ActuFoot_ http://t.‚Ä¶
409610843941527552	RT @Alertefoot: Avant l'√©quipe de France c'√©tait √ßa !  Un maximum de RT  #EDF #Zidane #Ribery #BallonDor @Footballogue @ActuFoot_ http://t.‚Ä¶
409610839394889728	RT @Alertefoot: Avant l'√©quipe de France c'√©tait √ßa !  Un maximum de RT  #EDF #Zidane #Ribery #BallonDor @Footballogue @ActuFoot_ http://t.‚Ä¶
409610793907662848	RT @Alertefoot: Avant l'√©quipe de France c'√©tait √ßa !  Un maximum de RT  #EDF #Zidane #Ribery #BallonDor @Footballogue @ActuFoot_ http://t.‚Ä¶
409610768041410560	RT @Alertefoot: Avant l'√©quipe de France c'√©tait √ßa !  Un maximum de RT  #EDF #Zidane #Ribery #BallonDor @Footballogue @ActuFoot_ http://t.‚Ä¶
409610759002685440	RT @Alertefoot: Avant l'√©quipe de France c'√©tait √ßa !  Un maximum de RT  #EDF #Zidane #Ribery #BallonDor @Footballogue @ActuFoot_ http://t.‚Ä¶
409610754489585664	RT @Alertefoot: Avant l'√©quipe de France c'√©tait √ßa !  Un maximum de RT  #EDF #Zidane #Ribery #BallonDor @Footballogue @ActuFoot_ http://t.‚Ä¶
409610644686897152	RT @Alertefoot: Avant l'√©quipe de France c'√©tait √ßa !  Un maximum de RT  #EDF #Zidane #Ribery #BallonDor @Footballogue @ActuFoot_ http://t.‚Ä¶
409610497047007232	Avant l'√©quipe de France c'√©tait √ßa !  Un maximum de RT  #EDF #Zidane #Ribery #BallonDor @Footballogue @ActuFoot_ http://t.co/4gvLYinmqC
409610459801976832	RT @Alertefoot: Et voici #MissFrance2014 ! &gt; &gt;&gt; Franck #Ribery #EDF @InsoliteFoot http://t.co/d39r7P2gbt
409610277458829312	RT @Alertefoot: Et voici #MissFrance2014 ! &gt; &gt;&gt; Franck #Ribery #EDF @InsoliteFoot http://t.co/d39r7P2gbt
409610156222054400	Et voici #MissFrance2014 ! &gt; &gt;&gt; Franck #Ribery #EDF @InsoliteFoot http://t.co/d39r7P2gbt
409609345778085888	RT @EDFofficiel: #telethon2013 Les dons d'#EDF et de ses salari√©s contribueront au financement d'essais th√©rapeutiques. + d'infos : http://‚Ä¶
409591689175498752	RT @LucarneOpposee: Rappel : la pr√©sentation de l'Equateur et du Honduras, adversaires de l'#edf en #cdm2014 c'est ici http://t.co/sUvyK18u‚Ä¶
409590159416754176	RT @equipedefrance: Tr√®s bon anniversaire √† Aim√© Jacquet qui f√™te aujourd'hui ses 72 ans #EDF http://t.co/1Om30DLpvW
409585602439708672	RT @LucarneOpposee: Rappel : la pr√©sentation de l'Equateur et du Honduras, adversaires de l'#edf en #cdm2014 c'est ici http://t.co/sUvyK18u‚Ä¶
409584964687364096	RT @LucarneOpposee: Rappel : la pr√©sentation de l'Equateur et du Honduras, adversaires de l'#edf en #cdm2014 c'est ici http://t.co/sUvyK18u‚Ä¶
409577710235951105	RT @LucarneOpposee: Rappel : la pr√©sentation de l'Equateur et du Honduras, adversaires de l'#edf en #cdm2014 c'est ici http://t.co/sUvyK18u‚Ä¶
409577440869359616	RT @LucarneOpposee: Rappel : la pr√©sentation de l'Equateur et du Honduras, adversaires de l'#edf en #cdm2014 c'est ici http://t.co/sUvyK18u‚Ä¶
409570767652012032	RT @LucarneOpposee: Rappel : la pr√©sentation de l'Equateur et du Honduras, adversaires de l'#edf en #cdm2014 c'est ici http://t.co/sUvyK18u‚Ä¶
409546165441806337	RT @Adrientp: Ongenda fait partie de la campagne de pub de Nike du nouveau maillot des Bleus, sympa #PSG #EDF http://t.co/1JKy5GJHW3
409544983163580417	„ÄêÂú∞ÁêÉÈò≤Ë°õËªç4„ÄëÈ´ò„É¨„Éô„É´Ê≠¶Âô®Á®º„Åé „Ç¶„Ç§„É≥„Ç∞„ÉÄ„Ç§„Éê„Éº „Éü„ÉÉ„Ç∑„Éß„É≥45.Èùí„ÅçË°õÂ£´Á∑®: http://t.co/7BygtbIeK1 #Âú∞ÁêÉÈò≤Ë°õËªç4 #EDF #Âú∞ÁêÉÈò≤Ë°õËªç #EDF4 #Ê≠¶Âô®Á®º„Åé
409510298509651968	RT @gaautier: le nouveau print de Nike pour la commercialisation du maillot de l'√©quipe de France, votre avis? #EDF #equipedefrance http://‚Ä¶
409510257552269312	RT @Mordu2Foot: Le nouveau maillot de l'#EdF est commercialis√© ! #Bleus #CDM2014 #Nike #France http://t.co/GtI5PyjFDF
409507081998565376	Quenelles Avec Dieudonn√© : l' Abjuration De Mamadou Sakho http://t.co/JXmn67jFEy #EDF
409499400738594818	„ÄêÂú∞ÁêÉÈò≤Ë°õËªç4„ÄëÈ´ò„É¨„Éô„É´Ê≠¶Âô®Á®º„Åé „Éü„ÉÉ„Ç∑„Éß„É≥11.ÂØæÁ©∫Êà¶Á∑®: http://t.co/qY50efrESw #Âú∞ÁêÉÈò≤Ë°õËªç4 #EDF #Âú∞ÁêÉÈò≤Ë°õËªç #EDF4
409479226513833988	Retour sur la qualif' des Bleus √† la #CM2014 et analyse du d√©samour de cette #EDF, semblant √©lev√©e : http://t.co/oSin1pGSIn Par @Begaudeau
409477575195770880	RT @equipedefrance: #CM2014 La d√©l√©gation de l'#edf en rep√©rage au stade de Salvador o√π les Bleus affronteront la Suisse le 20 juin. http:/‚Ä¶
409473962809507841	Pleaaaase ... Changement #agility #edf http://t.co/2vsKLFb8Gh
409469038796869632	Âú∞ÁêÉÈò≤Ë°õËªç4„Éó„É¨„Ç§Êó•Ë®ò: „ÄêÂãïÁîª„ÄëÂú∞ÁêÉÈò≤Ë°õËªç4 „Éü„Çµ„Ç§„É´„ÄÅ„Éõ„Éº„Éü„É≥„Ç∞ÂÖµÂô®„ÅÆ„É≠„ÉÉ„ÇØÊôÇÈñì„ÇíÁü≠Á∏Æ„Åô„ÇãÊñπÊ≥ï http://t.co/PCNQAjhowt #Âú∞ÁêÉÈò≤Ë°õËªç4 #EDF4 #Âú∞ÁêÉÈò≤Ë°õËªç #EDF
409466638002827264	RT @equipedefrance: #CM2014 La d√©l√©gation de l'#edf en rep√©rage au stade de Salvador o√π les Bleus affronteront la Suisse le 20 juin. http:/‚Ä¶
409463219632500736	RT @mohamedbouhafsi: Alg√©rie- #EDF le 2 juin ? Cette date est a l'√©tude ! Les discussions se sont acc√©l√©r√©es entre la FFF et la FAF http://‚Ä¶
409459014452674560	RT @mohamedbouhafsi: Alg√©rie- #EDF le 2 juin ? Cette date est a l'√©tude ! Les discussions se sont acc√©l√©r√©es entre la FFF et la FAF http://‚Ä¶
409458905438486528	RT @mohamedbouhafsi: Alg√©rie- #EDF le 2 juin ? Cette date est a l'√©tude ! Les discussions se sont acc√©l√©r√©es entre la FFF et la FAF http://‚Ä¶
409458658154938368	RT @mohamedbouhafsi: Alg√©rie- #EDF le 2 juin ? Cette date est a l'√©tude ! Les discussions se sont acc√©l√©r√©es entre la FFF et la FAF http://‚Ä¶
409458590978953216	Alg√©rie- #EDF le 2 juin ? Cette date est a l'√©tude ! Les discussions se sont acc√©l√©r√©es entre la FFF et la FAF http://t.co/MOlHNNPE7u
409456000010563585	RT @cleamounette: Quenelles Avec Dieudonn√© : l' Abjuration De Mamadou Sakho http://t.co/JXmn67jFEy #EDF
409455440582705152	Quenelles Avec Dieudonn√© : l' Abjuration De Mamadou Sakho http://t.co/JXmn67jFEy #EDF
409450596220301312	RT @lolo_capon: ! #Edf u17! http://t.co/dx9jzV3zKW
409450490788069376	! #Edf u17! http://t.co/dx9jzV3zKW
409449831921225728	Vid√©o : Quand Leboeuf compare les Bleus √† Marion Bartoli ‚Äì 07/12 http://t.co/iVzIjxVldB #edf
409449826250551297	Coupe du Monde 2014 / Pr√©sentation du groupe de la France ‚Äì 07/12 http://t.co/5aIpvZiM4A #edf
409449821427081216	Ligue 1 / Montpellier : Courbis explique son choix ‚Äì 07/12 http://t.co/zB4cim26iU #edf
409449807720099840	Vid√©o : Quand Leboeuf compare les Bleus √† Marion Bartoli ‚Äì 07/12 http://t.co/myWXbtUp8o #edf
409449804687605760	Coupe du Monde 2014 / Pr√©sentation du groupe de la France ‚Äì 07/12 http://t.co/kJ1n9aEk6Z #edf
409449801659346944	Ligue 1 / Montpellier : Courbis explique son choix ‚Äì 07/12 http://t.co/qPKGJmd98Q #edf
409443196419469313	RT @equipedefrance: #CM2014 La d√©l√©gation de l'#edf en rep√©rage au stade de Salvador o√π les Bleus affronteront la Suisse le 20 juin. http:/‚Ä¶
409442443637960704	'Pereza a la francesa' La opini√≥n de @Fran_Alameda: http://t.co/XygNm2uxTs. #EdF #Bleus.
409441890732232704	#EDF EN pr√©f√®re Saint-Nazaire √† Brest pour l'assemblage de ses √©oliennes - Le marin http://t.co/jfYDSn6RSH
409438437759283200	EATING OUT ! #restaurant #brighton #opera #candles #red #edf #turkey #uk #saturday @ Little Bay Brighton http://t.co/h5K7qfcCMg
409437032831016961	RT @equipedefrance: #CM2014 La d√©l√©gation de l'#edf en rep√©rage au stade de Salvador o√π les Bleus affronteront la Suisse le 20 juin. http:/‚Ä¶
409431932095959041	RT @ActuFoot_: Voici le complexe qu'a pr√©-s√©lectionn√© l'#EdF pour la #CM2014 au Br√©sil. http://t.co/Yiwi14wtpT
409430830453637120	RT @hugohadjar: Deux monstres ..et sa sa vient de ? PARIS ! üëå #Sakho #Matuidi #EDF #GoToTheBrasil http://t.co/Y9EO69CUEf
409430154726092800	RT @ActuFoot_: Voici le complexe qu'a pr√©-s√©lectionn√© l'#EdF pour la #CM2014 au Br√©sil. http://t.co/Yiwi14wtpT
409426116206919680	my little tappers at their first competitionüíöüíô #edf http://t.co/zTnH8mzXtv
409417948290613248	RT @equipedefrance: #CM2014 La d√©l√©gation de l'#edf en rep√©rage au stade de Salvador o√π les Bleus affronteront la Suisse le 20 juin. http:/‚Ä¶
409416423518507008	RT @Youkilili: Maillot Coupe du Monde : Fait ! #CDM #Bleu #Nike #Edf #Gdf #Suez #Moulant #Maigreur http://t.co/Wy2EgbwhEu
409414234171531265	RT @equipedefrance: #CM2014 La d√©l√©gation de l'#edf en rep√©rage au stade de Salvador o√π les Bleus affronteront la Suisse le 20 juin. http:/‚Ä¶
409413641461858305	Maillot Coupe du Monde : Fait ! #CDM #Bleu #Nike #Edf #Gdf #Suez #Moulant #Maigreur http://t.co/Wy2EgbwhEu
409410559658819584	Les Bleus jug√©s par la presse √©trang√®re http://t.co/t722aWc4fQ #edf
409410539907846144	Les Bleus jug√©s par la presse √©trang√®re http://t.co/cXmvJD7ENN #edf
409409487842594816	RT @equipedefrance: #CM2014 La d√©l√©gation de l'#edf en rep√©rage au stade de Salvador o√π les Bleus affronteront la Suisse le 20 juin. http:/‚Ä¶
409401012483813376	RT @equipedefrance: #CM2014 La d√©l√©gation de l'#edf en rep√©rage au stade de Salvador o√π les Bleus affronteront la Suisse le 20 juin. http:/‚Ä¶
409400399423344640	RT @EDFofficiel: #telethon2013 Les dons d'#EDF et de ses salari√©s contribueront au financement d'essais th√©rapeutiques. + d'infos : http://‚Ä¶
409398604298985472	RT @equipedefrance: #CM2014 La d√©l√©gation de l'#edf en rep√©rage au stade de Salvador o√π les Bleus affronteront la Suisse le 20 juin. http:/‚Ä¶
409397535745536000	RT @clemgrenier: Apr√®s la victoire 6-0 contre l'Australie ... Retour a Clairefontaine ! #joie #EDF #ParcDesPrinces Bonne journ√©e ... http:/‚Ä¶
409397458980962305	RIBEVRA #FFF #EDF http://t.co/lt8LTfDnRV
409395823131516928	RT @equipedefrance: #CM2014 La d√©l√©gation de l'#edf en rep√©rage au stade de Salvador o√π les Bleus affronteront la Suisse le 20 juin. http:/‚Ä¶
409395766336434176	RT @equipedefrance: #CM2014 La d√©l√©gation de l'#edf en rep√©rage au stade de Salvador o√π les Bleus affronteront la Suisse le 20 juin. http:/‚Ä¶
409395085047250944	RT @equipedefrance: #CM2014 La d√©l√©gation de l'#edf en rep√©rage au stade de Salvador o√π les Bleus affronteront la Suisse le 20 juin. http:/‚Ä¶
409394288557326336	RT @equipedefrance: #CM2014 La d√©l√©gation de l'#edf en rep√©rage au stade de Salvador o√π les Bleus affronteront la Suisse le 20 juin. http:/‚Ä¶
409394226519343104	RT @Iepique: Hatem #BenArfa dans #T√©l√©foot : "Mon pays c'est la Hollande, la France, c'est juste pour le sportif !" #EDF #NUFC http://t.co/‚Ä¶
409393309262807042	RT @martincouturie: L'image de la soir√©e #CM2014 #TirageAuSort #EDF http://t.co/8vVmoVuvxu
409392970916724736	RT @Fondation_EDF: #endirect les salari√©s d'#EDF sur le plateau du #telethon2013 merci √† vous tous ! http://t.co/B7BkjeL7nt
409392602061221888	RT @EDFofficiel: #telethon2013 Les dons d'#EDF et de ses salari√©s contribueront au financement d'essais th√©rapeutiques. + d'infos : http://‚Ä¶
409392295197556737	RT @equipedefrance: #CM2014 La d√©l√©gation de l'#edf en rep√©rage au stade de Salvador o√π les Bleus affronteront la Suisse le 20 juin. http:/‚Ä¶
409391862651162625	RT @equipedefrance: #CM2014 La d√©l√©gation de l'#edf en rep√©rage au stade de Salvador o√π les Bleus affronteront la Suisse le 20 juin. http:/‚Ä¶
409391639380373505	RT @equipedefrance: #CM2014 La d√©l√©gation de l'#edf en rep√©rage au stade de Salvador o√π les Bleus affronteront la Suisse le 20 juin. http:/‚Ä¶
409391568551157760	RT @equipedefrance: #CM2014 La d√©l√©gation de l'#edf en rep√©rage au stade de Salvador o√π les Bleus affronteront la Suisse le 20 juin. http:/‚Ä¶
409391400221171713	RT @equipedefrance: #CM2014 La d√©l√©gation de l'#edf en rep√©rage au stade de Salvador o√π les Bleus affronteront la Suisse le 20 juin. http:/‚Ä¶
409391050307166208	RT @equipedefrance: #CM2014 La d√©l√©gation de l'#edf en rep√©rage au stade de Salvador o√π les Bleus affronteront la Suisse le 20 juin. http:/‚Ä¶
409390513318813696	RT @EDFofficiel: #telethon2013 Les dons d'#EDF et de ses salari√©s contribueront au financement d'essais th√©rapeutiques. + d'infos : http://‚Ä¶
409390457874309120	RT @equipedefrance: #CM2014 La d√©l√©gation de l'#edf en rep√©rage au stade de Salvador o√π les Bleus affronteront la Suisse le 20 juin. http:/‚Ä¶
409390255851450370	RT @equipedefrance: #CM2014 La d√©l√©gation de l'#edf en rep√©rage au stade de Salvador o√π les Bleus affronteront la Suisse le 20 juin. http:/‚Ä¶
409390143393759232	RT @equipedefrance: #CM2014 La d√©l√©gation de l'#edf en rep√©rage au stade de Salvador o√π les Bleus affronteront la Suisse le 20 juin. http:/‚Ä¶
409389665721257984	RT @equipedefrance: #CM2014 La d√©l√©gation de l'#edf en rep√©rage au stade de Salvador o√π les Bleus affronteront la Suisse le 20 juin. http:/‚Ä¶
409389627834114048	RT @equipedefrance: #CM2014 La d√©l√©gation de l'#edf en rep√©rage au stade de Salvador o√π les Bleus affronteront la Suisse le 20 juin. http:/‚Ä¶
409389582757920768	RT @EDFofficiel: #telethon2013 Les dons d'#EDF et de ses salari√©s contribueront au financement d'essais th√©rapeutiques. + d'infos : http://‚Ä¶
409389461990936576	@MATUIDIBlaise : " on ne va pas se cacher c'est un bon tirage pour les #bleus" #cm2014 #edf @le10sport http://t.co/v1IHcPn8mf
409389298106916864	#CM2014 La d√©l√©gation de l'#edf en rep√©rage au stade de Salvador o√π les Bleus affronteront la Suisse le 20 juin. http://t.co/8LA8f1jBk6
409388127019884544	RT @Fondation_EDF: #endirect les salari√©s d'#EDF sur le plateau du #telethon2013 merci √† vous tous ! http://t.co/B7BkjeL7nt
409387855224770560	#telethon2013 Les dons d'#EDF et de ses salari√©s contribueront au financement d'essais th√©rapeutiques. + d'infos : http://t.co/0C71bUdOsu
409387660101582848	#endirect les salari√©s d'#EDF sur le plateau du #telethon2013 merci √† vous tous ! http://t.co/B7BkjeL7nt
409386791217942528	RT @Europe_EnR: L'hydrolienne Arcouest #OPENHYDRO #EDF rejoint le site Paimpol-Br√©hat pour 2 mois de test supp http://t.co/2paZBO79nH http:‚Ä¶
409386593653633024	RT @Fondation_EDF: #encoulisse les salari√©s #EDF pr√™ts √† monter sur le plateau pour d√©voiler le montant du don au @Telethon_France http://t‚Ä¶
409385928462204928	RT @Fondation_EDF: #encoulisse les salari√©s #EDF pr√™ts √† monter sur le plateau pour d√©voiler le montant du don au @Telethon_France http://t‚Ä¶
409382414201659392	RT @auroreberge: Tr√®s beau moment avec les enfants et b√©n√©voles du Club de Foot et JL Ettori, ancien joueur de l #EDF de Foot! http://t.co/‚Ä¶
409382058080108545	RT @meltyBuzz: #CDM2014 : Tirage au sort,la r√©action des Twittos http://t.co/NFMR5pbjLg #EDF #CM2014 #Bresil2014 @boutinfly @therealcricri ‚Ä¶
409380945905864704	#encoulisse les salari√©s #EDF pr√™ts √† monter sur le plateau pour d√©voiler le montant du don au @Telethon_France http://t.co/eGntaDmsMU
409375958211497984	RT @debriefoot: R√©sum√© du tirage d'hier, et petit calendrier en bonus. Bonne soir√©e √† tous ! #RT #football #EDF #tirage http://t.co/ixOw2ZM‚Ä¶
409375723770875905	R√©sum√© du tirage d'hier, et petit calendrier en bonus. Bonne soir√©e √† tous ! #RT #football #EDF #tirage http://t.co/ixOw2ZMLim
409371715643650048	RT @Thibthibdu24: Notre groupe #EDF #CDM http://t.co/tnsvdwFQKe
409371061650997248	Notre groupe #EDF #CDM http://t.co/tnsvdwFQKe
409365877000515586	RT @auroreberge: Tr√®s beau moment avec les enfants et b√©n√©voles du Club de Foot et JL Ettori, ancien joueur de l #EDF de Foot! http://t.co/‚Ä¶
409363692762173441	RT @Niort_Pictes: 3√®me quart temps l'√©quipe de France s'impose une fois de plus sur une magnifique passe dans la endzone. #EDF #FFFA http:/‚Ä¶
409362916211957760	RT @LeParigoDu92: MDR trop fort #Sakho @mamadousakho3 #EDF #TeamFrance #TeamSakho #TeamPSG http://t.co/GVxM0yicu2
409362497565896704	RT @Niort_Pictes: 3√®me quart temps l'√©quipe de France s'impose une fois de plus sur une magnifique passe dans la endzone. #EDF #FFFA http:/‚Ä¶
409361201597251584	RT @LucarneOpposee: Chose promise : pr√©sentation de l'Equateur et du Honduras, adversaires de l'#edf en #cdm2014 http://t.co/NEJ9OB237G
409361200754200576	RT @Niort_Pictes: 3√®me quart temps l'√©quipe de France s'impose une fois de plus sur une magnifique passe dans la endzone. #EDF #FFFA http:/‚Ä¶
409361055790661632	RT @Niort_Pictes: 3√®me quart temps l'√©quipe de France s'impose une fois de plus sur une magnifique passe dans la endzone. #EDF #FFFA http:/‚Ä¶
409360900626608128	RT @Niort_Pictes: 3√®me quart temps l'√©quipe de France s'impose une fois de plus sur une magnifique passe dans la endzone. #EDF #FFFA http:/‚Ä¶
409360760499077120	RT @LucarneOpposee: Rappel : la pr√©sentation de l'Equateur et du Honduras, adversaires de l'#edf en #cdm2014 c'est ici http://t.co/sUvyK18u‚Ä¶
409360677485424640	RT @auroreberge: Tr√®s beau moment avec les enfants et b√©n√©voles du Club de Foot et JL Ettori, ancien joueur de l #EDF de Foot! http://t.co/‚Ä¶
409360626059059200	RT @LucarneOpposee: Chose promise : pr√©sentation de l'Equateur et du Honduras, adversaires de l'#edf en #cdm2014 http://t.co/NEJ9OB237G
409360284332347392	3√®me quart temps l'√©quipe de France s'impose une fois de plus sur une magnifique passe dans la endzone. #EDF #FFFA http://t.co/Wh1XboeOTe
409360146008395776	RT @auroreberge: Tr√®s beau moment avec les enfants et b√©n√©voles du Club de Foot et JL Ettori, ancien joueur de l #EDF de Foot! http://t.co/‚Ä¶
409358321813315584	RT @auroreberge: Tr√®s beau moment avec les enfants et b√©n√©voles du Club de Foot et JL Ettori, ancien joueur de l #EDF de Foot! http://t.co/‚Ä¶
409354190998470656	RT @LucarneOpposee: Rappel : la pr√©sentation de l'Equateur et du Honduras, adversaires de l'#edf en #cdm2014 c'est ici http://t.co/sUvyK18u‚Ä¶
409353895446872064	Rappel : la pr√©sentation de l'Equateur et du Honduras, adversaires de l'#edf en #cdm2014 c'est ici http://t.co/sUvyK18u05
409351450654158848	#caracas #venezuela #ccs #elmarquez #urbanizaci√≥n #edf #miranda #distritocapital http://t.co/9GV5K20l7w
409350104840417280	Tr√®s beau moment avec les enfants et b√©n√©voles du Club de Foot et JL Ettori, ancien joueur de l #EDF de Foot! http://t.co/PmgH4EGd1y
409350023185723393	RT @Europe_EnR: L'hydrolienne Arcouest #OPENHYDRO #EDF rejoint le site Paimpol-Br√©hat pour 2 mois de test supp http://t.co/2paZBO79nH http:‚Ä¶
409349691521126400	RT @Adrientp: Ongenda fait partie de la campagne de pub de Nike du nouveau maillot des Bleus, sympa #PSG #EDF http://t.co/1JKy5GJHW3
409349654942588928	"@Adrientp: Ongenda fait partie de la campagne de pub de Nike du nouveau maillot des Bleus, sympa #PSG #EDF http://t.co/aRLhao1Jv8"
409343712599490560	RT @Iepique: Hatem #BenArfa dans #T√©l√©foot : "Mon pays c'est la Hollande, la France, c'est juste pour le sportif !" #EDF #NUFC http://t.co/‚Ä¶
409343421732913152	Des la saison prochaine un groupe #EDF de 30 joueurs (max 30 match/saison √† compter des 20 min de pr√©sence terrain) http://t.co/e2wPYKKFpO
409342828876419072	RT @Adrientp: Ongenda fait partie de la campagne de pub de Nike du nouveau maillot des Bleus, sympa #PSG #EDF http://t.co/1JKy5GJHW3
409342211042848768	RT @Iepique: La Une de @lepique du Mardi 19 Novembre, sp√©ciale √©quipe de France. #FRAUKR #EDF #Rib√©ry http://t.co/IhmQaadDAy
409340211928510464	RT @LucarneOpposee: Chose promise : pr√©sentation de l'Equateur et du Honduras, adversaires de l'#edf en #cdm2014 http://t.co/NEJ9OB237G
409338994804391936	RT @LucarneOpposee: Chose promise : pr√©sentation de l'Equateur et du Honduras, adversaires de l'#edf en #cdm2014 http://t.co/NEJ9OB237G
409336935036235776	Souvenir souvenir #EDF #Volley #8Nations #U18 #Italie http://t.co/SVCMYIxXKu
409336615329214464	Dans 1h, #EDF avec les filles de @umbbhand A.Lacrab√®re et A.L√©v√™que entrent dans le Mondial face au Congo #bordeaux http://t.co/1cKZAu0U9K
409333011621347328	RT @LucarneOpposee: Chose promise : pr√©sentation de l'Equateur et du Honduras, adversaires de l'#edf en #cdm2014 http://t.co/NEJ9OB237G
409332543117598720	RT @carolinecayeux: Ce sera la Suisse , le Honduras et l'Equateur ! Bon tirage pour nos Bleus ! On peut esperer #mondial14 #fff #edf http:/‚Ä¶
409331744098091008	Bleus ‚Äì Le Gra√´t : ¬†¬ªAucune certitude¬†¬ª http://t.co/zouuFl6j2Q #edf
409331744098091008	Bleus ‚Äì Le Gra√´t : ¬†¬ªAucune certitude¬†¬ª http://t.co/zouuFl6j2Q #edf
409331743427014656	Bleus ‚Äì Le Gra√´t : ¬†¬ªAucune certitude¬†¬ª http://t.co/kanaPhnX0E #edf
409328269692243968	RT @Europe_EnR: L'hydrolienne Arcouest #OPENHYDRO #EDF rejoint le site Paimpol-Br√©hat pour 2 mois de test supp http://t.co/2paZBO79nH http:‚Ä¶
409327967244808192	RT @LucarneOpposee: Chose promise : pr√©sentation de l'Equateur et du Honduras, adversaires de l'#edf en #cdm2014 http://t.co/NEJ9OB237G
409327111246471168	RT @Alertefoot: Fabien #Barthez, comme il le faisait souvent sur un terrain de football, il se payait une bonne #Pausepipi ! #EDF http://t.‚Ä¶
409326347568553984	RT @LucarneOpposee: Chose promise : pr√©sentation de l'Equateur et du Honduras, adversaires de l'#edf en #cdm2014 http://t.co/NEJ9OB237G
409324730832142336	RT @ActuFoot_: Voici le complexe qu'a pr√©-s√©lectionn√© l'#EdF pour la #CM2014 au Br√©sil. http://t.co/Yiwi14wtpT
409323996862492672	RT @LucarneOpposee: Chose promise : pr√©sentation de l'Equateur et du Honduras, adversaires de l'#edf en #cdm2014 http://t.co/NEJ9OB237G
409323835977400320	RT @Europe_EnR: L'hydrolienne Arcouest #OPENHYDRO #EDF rejoint le site Paimpol-Br√©hat pour 2 mois de test supp http://t.co/2paZBO79nH http:‚Ä¶
409322745613144064	Bleu blanc rouge je suis @PietraAlban le fran√ßais. I'm weak. #EdF  @RobinSoulignac http://t.co/xfuWBOkgxG
409321726766776320	RT @LucarneOpposee: Chose promise : pr√©sentation de l'Equateur et du Honduras, adversaires de l'#edf en #cdm2014 http://t.co/NEJ9OB237G
409321134451339264	RT @LucarneOpposee: Chose promise : pr√©sentation de l'Equateur et du Honduras, adversaires de l'#edf en #cdm2014 http://t.co/NEJ9OB237G
409321083628564480	RT @LucarneOpposee: Chose promise : pr√©sentation de l'Equateur et du Honduras, adversaires de l'#edf en #cdm2014 http://t.co/NEJ9OB237G
409321075424509952	RT @LucarneOpposee: Chose promise : pr√©sentation de l'Equateur et du Honduras, adversaires de l'#edf en #cdm2014 http://t.co/NEJ9OB237G
409321063643103233	RT @LucarneOpposee: Chose promise : pr√©sentation de l'Equateur et du Honduras, adversaires de l'#edf en #cdm2014 http://t.co/NEJ9OB237G
409321006734798849	RT @ParisNoLimit: Lucas : "La France ira loin √† la Coupe du monde" http://t.co/NKQWmxOixU #EDF #PSG
409320994034044929	Chose promise : pr√©sentation de l'Equateur et du Honduras, adversaires de l'#edf en #cdm2014 http://t.co/NEJ9OB237G
409320526868643840	RT @ValentinLucas9:#edf http://t.co/5lhybYwFTs
409320177382490112	RT @ArmelBcbf28: Pr√©paration ... au game #mmastadium #FranceVsUSA #EDF #TeamFrance #bahyaquoi http://t.co/fyQ1J9T04R
409316927983853568	RT @debriefoot: Notre r√©sum√© du tirage, avec un bonus parce qu'on vous aime. √Ä lire et #RT, comme toujours ! #tirage #EDF #CDM2014  http://‚Ä¶
409316293179736064	R√©sum√© du tirage, avec un bonus calendrier et quelques punchlines. #tirage #EDF #CDM2014  http://t.co/Wnn1ske5Ec
409314278320373760	RT @ParisNoLimit: Lucas : "La France ira loin √† la Coupe du monde" http://t.co/NKQWmxOixU #EDF #PSG
409314107171819520	RT @ParisNoLimit: Lucas : "La France ira loin √† la Coupe du monde" http://t.co/NKQWmxOixU #EDF #PSG
409313636008484864	Notre r√©sum√© du tirage, avec un bonus parce qu'on vous aime. √Ä lire et #RT, comme toujours ! #tirage #EDF #CDM2014  http://t.co/unmr8fOBjt ‚Ä¶
409305318263635968	#edf #zingy #baubles #Christmas http://t.co/6fwPqVv948
409303363746942976	@DoVicenzi je rappellerais √† #EDF #Swiss √† des joueurs impr√©visibles http://t.co/CuEnXflJt4  http://t.co/ac4JwkRlOa  http://t.co/xZtYxgg9wI
409303056455839744	RT @clemgrenier: Nous sommes bien arriv√©s a Kiev! #EDF #UKRFRA J-1 http://t.co/zTvk5sfBF4
409301690207059968	@lequipe l'#EDF a tjrs eu de la "chatte" !!! A c√¥t√© du grp A wahoo bjr les d√©g√¢ts √ßa        s'annonce tr√®s chaud http://t.co/rLuqH7PbvM
409299864950808576	On sait d√©j√† qui remportera la prochaine #CDM2014 chez @90minutesFR ! Et le nouveau champion du monde est... http://t.co/9k99shFkt3 #EDF
409296798160023552	Fiche #EDF a d√©couvrir sur http://t.co/BGDt4WH7U9 #bourse #action #conseil
409296357951045632	RT @Adrientp: Ongenda fait partie de la campagne de pub de Nike du nouveau maillot des Bleus, sympa #PSG #EDF http://t.co/1JKy5GJHW3
409295320393449472	RT @Alertefoot: Fabien #Barthez, comme il le faisait souvent sur un terrain de football, il se payait une bonne #Pausepipi ! #EDF http://t.‚Ä¶
409294330067943424	RT @Adrientp: Ongenda fait partie de la campagne de pub de Nike du nouveau maillot des Bleus, sympa #PSG #EDF http://t.co/1JKy5GJHW3
409293992602640384	RT @Adrientp: Ongenda fait partie de la campagne de pub de Nike du nouveau maillot des Bleus, sympa #PSG #EDF http://t.co/1JKy5GJHW3
409293964408541184	RT @Europe_EnR: L'hydrolienne Arcouest #OPENHYDRO #EDF rejoint le site Paimpol-Br√©hat pour 2 mois de test supp http://t.co/2paZBO79nH http:‚Ä¶
409293921211412480	RT @Adrientp: Ongenda fait partie de la campagne de pub de Nike du nouveau maillot des Bleus, sympa #PSG #EDF http://t.co/1JKy5GJHW3
409293245769064448	RT @ValentinLucas9: #efff http://t.co/5lhybYwFTs
409292732855615488	Dacourt : ¬´¬†Si on passe pas, on aura rien √† faire √† la Coupe du monde !¬†¬ª http://t.co/jqBVgH1fYZ #edf
409292732847247360	Dacourt : ¬´¬†Si on passe pas, on aura rien √† faire √† la Coupe du monde !¬†¬ª http://t.co/1wYuGEFMMP #edf
409292643618021376	RT @Europe_EnR: L'hydrolienne Arcouest #OPENHYDRO #EDF rejoint le site Paimpol-Br√©hat pour 2 mois de test supp http://t.co/2paZBO79nH http:‚Ä¶
409291731784310784	L'hydrolienne Arcouest #OPENHYDRO #EDF rejoint le site Paimpol-Br√©hat pour 2 mois de test supp http://t.co/2paZBO79nH http://t.co/0nbmJxgrrM
409287398892519424	RT @Adrientp: Ongenda fait partie de la campagne de pub de Nike du nouveau maillot des Bleus, sympa #PSG #EDF http://t.co/1JKy5GJHW3
409284943278526464	RT @Adrientp: Ongenda fait partie de la campagne de pub de Nike du nouveau maillot des Bleus, sympa #PSG #EDF http://t.co/1JKy5GJHW3
409284369539674112	RT @ParisNoLimit: Lucas : "La France ira loin √† la Coupe du monde" http://t.co/NKQWmxOixU #EDF #PSG
